Codigo,DesEtapaCentro,Denominacion,Isla,Municipio,PaginaWeb,CentroProfesores,Direccion,Localidad,CodigoPostal,Provincia,Telefono,CorreoElectronico,Naturaleza,TipoCentro,Titular,Longitud,Latitud
35700043,C.PROFES.,C.PROFES. LANZAROTE,LANZAROTE,ARRECIFE,https://www3.gobiernodecanarias.org/medusa/edublog/cprofeslanzarote/,SIN ASIGNAR,"C/ EL ANTONIO, S/N",ARRECIFE,35500,Las Palmas
35700110,C.PROFES.,C.PROFES. PUERTO DEL ROSARIO,FUERTEVENTURA,PUERTO DEL ROSARIO,https://www3.gobiernodecanarias.org/medusa/edublog/cprofespuertodelrosario/,SIN ASIGNAR,"C/ SECUNDINO ALONSO, 63",PUERTO DEL ROSARIO,35600,Las Palmas
35700468,C.PROFES.,C.PROFES. LAS PALMAS DE GRAN CANARIA,GRAN CANARIA,LAS PALMAS DE GRAN CANARIA,https://www3.gobiernodecanarias.org/medusa/edublog/cprofeslaspalmasdegrancanaria/,SIN ASIGNAR,"C/ PEDRO SANZ SAINZ, 60. LOMO APOLINARIO",LAS PALMAS DE GRAN CANARIA,35014,Las Palmas
35700471,C.PROFES.,C.PROFES. GRAN CANARIA NOROESTE,GRAN CANARIA,GÁLDAR,https://www3.gobiernodecanarias.org/medusa/edublog/cprofesgrancanarianoroeste/,SIN ASIGNAR,"PLAZA DE SAN ISIDRO, 2",GÁLDAR,35460,Las Palmas
35700602,CER,CER ANTIGUA-BETANCURIA,FUERTEVENTURA,ANTIGUA,,C.PROFES. PUERTO DEL ROSARIO - 35700110
35701201,CER,CER ARUCAS,GRAN CANARIA,ARUCAS,,C.PROFES. GRAN CANARIA NOROESTE - 35700471
35702011,CER,CER FIRGAS,GRAN CANARIA,FIRGAS,,C.PROFES. GRAN CANARIA NOROESTE - 35700471,"C/ SANTA CLARA, 1 (CEIP CAMBALUD)",CAMBALUD,35432,Las Palmas
35702302,CER,CER GÁLDAR-GUÍA,GRAN CANARIA,GÁLDAR,,C.PROFES. GRAN CANARIA NOROESTE - 35700471,"C/ CRUZ DEL POLEO, S/N (CEIP SAUCILLO)",SAUCILLO,35468,Las Palmas
35702341,C.PROFES.,C.PROFES. GRAN CANARIA SUR,GRAN CANARIA,AGÜIMES,https://www3.gobiernodecanarias.org/medusa/edublog/cprofesgrancanariasur/,SIN ASIGNAR,"C/ AÑEPA, S/N (POLÍGONO RESIDENCIAL DE ARINAGA)",CRUCE DE ARINAGA,35118,Las Palmas
35702368,EOEP,E.O.E.P. VALLE DE JINÁMAR,GRAN CANARIA,TELDE,,,"C/ MANUEL ALEMÁN ÁLAMO, S/N. VALLE DE JINÁMAR",JINÁMAR,35220,Las Palmas
35702370,EOEP,E.O.E.P. GRAN CANARIA NOROESTE,GRAN CANARIA,SANTA MARÍA DE GUÍA DE GRAN CANARIA,,,"URBANIZACIÓN MARENTE, S/N",SANTA MARÍA DE GUÍA,35450,Las Palmas
35702373,EOEP,E.O.E.P. GRAN CANARIA SUR,GRAN CANARIA,SAN BARTOLOMÉ DE TIRAJANA,,,"C/ MONTAÑA CLARA, 10",SAN FERNANDO,35100,Las Palmas
35702374,EOEP,E.O.E.P. INGENIO-AGÜIMES,GRAN CANARIA,INGENIO,,,"C/ JUAN NEGRÍN, 7",INGENIO,35250,Las Palmas
35702375,EOEP,E.O.E.P. LANZAROTE SUR,LANZAROTE,ARRECIFE,,,"C/ TILAMA, 1",ARRECIFE,35500,Las Palmas
35702376,EOEP,E.O.E.P. FUERTEVENTURA NORTE,FUERTEVENTURA,PUERTO DEL ROSARIO,,,"C/ PAREDÓN MAJADA MARCIAL, S/N",PUERTO DEL ROSARIO,35600,Las Palmas
35702378,EOEP,E.O.E.P. FUERTEVENTURA SUR,FUERTEVENTURA,TUINEJE,,,"C/ EL PALMERAL, S/N",GRAN TARAJAL,35620,Las Palmas
35702379,EOEP,E.O.E.P. TELDE-VALSEQUILLO,GRAN CANARIA,TELDE,,,"C/ TOMÁS DE IRIARTE, S/N",SAN JOSÉ DE LAS LONGUERAS,35210,Las Palmas
35702381,EOEP,E.O.E.P. GRAN CANARIA NORTE,GRAN CANARIA,ARUCAS,,C.PROFES. GRAN CANARIA NOROESTE - 35700471,"C/ DORAMAS, 2",SANTIDAD,35411,Las Palmas
35702384,EOEP,E.O.E.P. GRAN CANARIA CENTRO,GRAN CANARIA,SANTA BRÍGIDA,,,"PLAZA DE DOÑA LUISA, S/N. SAN JOSÉ DE LA VEGA",SAN JOSÉ DE LA VEGA,35307,Las Palmas
35702652,EOEP,E.O.E.P. ESPECÍFICO DE DISCAPACIDADES VISUALES,GRAN CANARIA,LAS PALMAS DE GRAN CANARIA,,SIN ASIGNAR,"C/ PASEO DE SAN JOSÉ, 290",LAS PALMAS DE GRAN CANARIA,,Las Palmas
35702656,EOEP,E.O.E.P. LAS CANTERAS,GRAN CANARIA,LAS PALMAS DE GRAN CANARIA,,,"C/ JESÚS FERRER JIMENO, 15",LAS PALMAS DE GRAN CANARIA,35010,Las Palmas
35702657,EOEP,E.O.E.P. ARENALES,GRAN CANARIA,LAS PALMAS DE GRAN CANARIA,,,"C/ CARVAJAL, 57",LAS PALMAS DE GRAN CANARIA,35004,Las Palmas
35702658,EOEP,E.O.E.P. LA VEGA DE SAN JOSÉ,GRAN CANARIA,LAS PALMAS DE GRAN CANARIA,,,"C/ PASEO DE SAN JOSÉ, 290",LAS PALMAS DE GRAN CANARIA,35016,Las Palmas
35702659,EOEP,E.O.E.P. LAS PALMAS-MILLER,GRAN CANARIA,LAS PALMAS DE GRAN CANARIA,,,"C/ MANUEL DE FALLA, S/N",LAS PALMAS DE GRAN CANARIA,,Las Palmas
35702660,EOEP,E.O.E.P. ESCALERITAS,GRAN CANARIA,LAS PALMAS DE GRAN CANARIA,,,"C/ ALBERTO GARCÍA IBÁÑEZ, 2",LAS PALMAS DE GRAN CANARIA,35011,Las Palmas
35702661,EOEP,E.O.E.P. TAMARACEITE-SIETE PALMAS,GRAN CANARIA,LAS PALMAS DE GRAN CANARIA,,,"C/ SARGENTO PROVISIONAL, 5",LAS PALMAS DE GRAN CANARIA,35012,Las Palmas
35702662,EOEP,E.O.E.P. TELDE COSTA,GRAN CANARIA,TELDE,,,"C/ SÉNECA, 16",EL GORO,35219,Las Palmas
35702663,EOEP,E.O.E.P. GRAN CANARIA SURESTE,GRAN CANARIA,SANTA LUCÍA DE TIRAJANA,,,"C/ PRIMERO DE MAYO, 118",VECINDARIO,35110,Las Palmas
35702664,EOEP,E.O.E.P. LANZAROTE NORTE,LANZAROTE,TEGUISE,,,"C/ GARAJONAY, S/N",VILLA DE TEGUISE,35530,Las Palmas
35703102,CER,CER HARÍA,LANZAROTE,HARÍA,,C.PROFES. LANZAROTE - 35700043
35703401,CER,CER AGÜIMES-SAN BARTOLOMÉ,GRAN CANARIA,AGÜIMES,,C.PROFES. GRAN CANARIA SUR - 35702341,"AVDA. LA BANDA - ESQUINA C/ DEL BARDINO, 1 (ANTIGUO CEIP LA BANDA)",LA BANDA,35269,Las Palmas
35703435,EOEP,E.O.E.P. ESPECÍFICO DE DISCAPACIDADES AUDITIVAS,GRAN CANARIA,LAS PALMAS DE GRAN CANARIA,,SIN ASIGNAR,"C/ ÁLAMO, 54, 3.º",LAS PALMAS DE GRAN CANARIA,,Las Palmas
35703802,CER,CER MOGÁN,GRAN CANARIA,MOGÁN,,C.PROFES. GRAN CANARIA SUR - 35702341
35703901,CER,CER MOYA,GRAN CANARIA,MOYA,,C.PROFES. GRAN CANARIA NOROESTE - 35700471,"C/ CAMINO FRONTÓN, 152 (CEIP FRONTÓN)",FRONTÓN,35422,Las Palmas
35704001,CER,CER LA OLIVA,FUERTEVENTURA,LA OLIVA,,C.PROFES. PUERTO DEL ROSARIO - 35700110
35704333,EOEP,E.O.E.P. ESPECÍFICO DE TRASTORNOS GENERALIZADOS DEL DESARROLLO,GRAN CANARIA,LAS PALMAS DE GRAN CANARIA,,SIN ASIGNAR,"C/ PASEO DE SAN JOSÉ, 290",LAS PALMAS DE GRAN CANARIA,35016,Las Palmas
35704334,EOEP,E.O.E.P. ESPECÍFICO DE DISCAPACIDADES MOTORAS,GRAN CANARIA,LAS PALMAS DE GRAN CANARIA,,SIN ASIGNAR,"C/ MÁLAGA, 46",LAS PALMAS DE GRAN CANARIA,35016,Las Palmas
35704335,CER,CER TAFIRA,GRAN CANARIA,LAS PALMAS DE GRAN CANARIA,,C.PROFES. LAS PALMAS DE GRAN CANARIA - 35700468
35704601,CER,CER PUERTO DEL ROSARIO - ANTIGUA - BETANCURIA,FUERTEVENTURA,PUERTO DEL ROSARIO,,C.PROFES. PUERTO DEL ROSARIO - 35700110,"C/ ORLANDO MEDINA CASTAÑEYRA, 2 (ANTIGUO CEIP LOS ESTANCOS)",LOS ESTANCOS,35613,Las Palmas
35705303,CER,CER SAN BARTOLOMÉ DE TIRAJANA,GRAN CANARIA,SAN BARTOLOMÉ DE TIRAJANA,,C.PROFES. GRAN CANARIA SUR - 35702341
35705603,CER,CER LA ALDEA,GRAN CANARIA,LA ALDEA DE SAN NICOLÁS,,C.PROFES. GRAN CANARIA NOROESTE - 35700471
35705801,CER,CER SANTA BRÍGIDA-SAN MATEO,GRAN CANARIA,VEGA DE SAN MATEO,,C.PROFES. LAS PALMAS DE GRAN CANARIA - 35700468,"C/ LA SOLANA, S/N (CEIP LA SOLANA)",LA SOLANA,35328,Las Palmas
35707201,C.PROFES.,C.PROFES. TELDE,GRAN CANARIA,TELDE,https://www3.gobiernodecanarias.org/medusa/edublog/cprofestelde/,SIN ASIGNAR,"AVDA. DEL CABILDO, S/N (JUNTO AL PARQUE DE BOMBEROS)",LA GARITA,35212,Las Palmas
35707202,CER,CER TELDE,GRAN CANARIA,TELDE,,C.PROFES. TELDE - 35707201,"CTRA. VALLE SAN ROQUE, 29 (ANTIGUO CEIP LA HIGUERA CANARIA)",LA HIGUERA CANARIA,35218,Las Palmas
35707301,CER,CER TEROR-VALLESECO,GRAN CANARIA,TEROR,,C.PROFES. GRAN CANARIA NOROESTE - 35700471
35707601,CER,CER LANZAROTE,LANZAROTE,SAN BARTOLOMÉ,,C.PROFES. LANZAROTE - 35700043,"C/ MALVASÍA, 7",EL ISLOTE,35550,Las Palmas
35707701,C.PROFES.,C.PROFES. GRAN TARAJAL,FUERTEVENTURA,TUINEJE,https://www3.gobiernodecanarias.org/medusa/edublog/cprofesgrantarajal/,SIN ASIGNAR,"C/ MENORCA, S/N",GRAN TARAJAL,35620,Las Palmas
35707702,CER,CER TUINEJE,FUERTEVENTURA,TUINEJE,,C.PROFES. GRAN TARAJAL - 35707701,"CTRA. GENERAL TISCAMANITA, S/N (CEIP TUINEJE)",TISCAMANITA,35629,Las Palmas
35707712,CER,CER GRAN CANARIA OESTE,GRAN CANARIA,LA ALDEA DE SAN NICOLÁS,,C.PROFES. GRAN CANARIA NOROESTE - 35700471,"C/ EL CASTILLO, 39 (CEIP TASARTE)",TASARTE,35478,Las Palmas
35707713,CER,CER LAS PALMAS-ARUCAS,GRAN CANARIA,LAS PALMAS DE GRAN CANARIA,,C.PROFES. LAS PALMAS DE GRAN CANARIA - 35700468,"C/ EL CARPINTERO, 27 (CEIP EL TOSCÓN)",TENOYA,35018,Las Palmas
35707801,CER,CER VALSEQUILLO,GRAN CANARIA,VALSEQUILLO DE GRAN CANARIA,,C.PROFES. TELDE - 35707201
35708702,CER,CER YAIZA-TÍAS,LANZAROTE,YAIZA,,C.PROFES. LANZAROTE - 35700043
38700050,C.PROFES.,C.PROFES. LA LAGUNA,TENERIFE,SAN CRISTÓBAL DE LA LAGUNA,https://www3.gobiernodecanarias.org/medusa/edublog/cprofeslalaguna/,SIN ASIGNAR,"AVDA. ÁNGEL GUIMERÁ, S/N",SAN CRISTÓBAL DE LA LAGUNA,38204,Santa Cruz de Tenerife
38700127,CER,CER EL PALMAR,TENERIFE,BUENAVISTA DEL NORTE,,
38700135,CER,CER TIJARAFE,LA PALMA,TIJARAFE,,
38700136,CER,CER GARAFIA,LA PALMA,GARAFÍA,,
38700138,CER,CER LA GOMERA,LA GOMERA,VALLEHERMOSO,,
38700139,CER,CER EL HIERRO,EL HIERRO,VALVERDE,,C.PROFES. EL HIERRO - 38700140
38700140,C.PROFES.,C.PROFES. EL HIERRO,EL HIERRO,VALVERDE,https://www3.gobiernodecanarias.org/medusa/edublog/cprofeselhierro/,SIN ASIGNAR,"C/ TRINISTA, 2. TRASERA DEL JUZGADO",VALVERDE,38900,Santa Cruz de Tenerife
38700141,CER,CER CRUZ DE PIEDRA,TENERIFE,SANTA CRUZ DE TENERIFE,,
38700142,CER,CER GUIA DE ISORA,TENERIFE,GUÍA DE ISORA,,
38700143,CER,CER TACO,TENERIFE,SAN CRISTÓBAL DE LA LAGUNA,,
38700388,C.PROFES.,C.PROFES. TENERIFE SUR,TENERIFE,GRANADILLA DE ABONA,https://www3.gobiernodecanarias.org/medusa/edublog/cprofestenerifesur/,SIN ASIGNAR,"C/ LA VIÑA, 10. SAN ISIDRO",SAN ISIDRO,38611,Santa Cruz de Tenerife
38700391,C.PROFES.,C.PROFES. NORTE DE TENERIFE,TENERIFE,LOS REALEJOS,https://www3.gobiernodecanarias.org/medusa/edublog/cprofesnortedetenerife/,SIN ASIGNAR,"EDIFICIO MANCOMUNIDAD NORTE DE TENERIFE. C/ SAN AGUSTÍN, 7, BAJO",LOS REALEJOS,38410,Santa Cruz de Tenerife
38700406,C.PROFES.,C.PROFES. DE LA PALMA,LA PALMA,SANTA CRUZ DE LA PALMA,https://www3.gobiernodecanarias.org/medusa/edublog/cprofeslapalma/,SIN ASIGNAR,"CAMINO VELACHERO, S/N",SANTA CRUZ DE LA PALMA,38700,Santa Cruz de Tenerife
38701301,CER,CER BARLOVENTO-SAUCES,LA PALMA,BARLOVENTO,,C.PROFES. DE LA PALMA - 38700406,"LA CUESTA BAJA, 53 (CEIP LA CUESTA)",LA CUESTA,38727,Santa Cruz de Tenerife
38701501,CER,CER LAS BREÑAS,LA PALMA,BREÑA BAJA,,C.PROFES. DE LA PALMA - 38700406,"C/ MANUEL BETHENCOURT MORALES, 44 (CEIP EL FUERTE)",EL FUERTE,38712,Santa Cruz de Tenerife
38701701,CER,CER TENO-ISLA BAJA,TENERIFE,BUENAVISTA DEL NORTE,,C.PROFES. NORTE DE TENERIFE - 38700391
38702201,CER,CER FUENCALIENTE-MAZO,LA PALMA,VILLA DE MAZO,,C.PROFES. DE LA PALMA - 38700406,"C/ LA SABINA, 170 (CEIP LA SABINA)",LA SABINA,38730,Santa Cruz de Tenerife
38702502,CER,CER GARAFÍA,LA PALMA,GARAFÍA,,C.PROFES. DE LA PALMA - 38700406
38702511,EOEP,E.O.E.P. ANAGA,TENERIFE,SANTA CRUZ DE TENERIFE,,,"AVDA. NTRA. SRA. DEL CARMEN, 3",VALLESECO,38150,Santa Cruz de Tenerife
38702512,EOEP,E.O.E.P. LA OROTAVA,TENERIFE,LA OROTAVA,,,"ANTIGUAS UNITARIAS, S/N. EL RINCÓN",EL RINCÓN,,Santa Cruz de Tenerife
38702513,EOEP,E.O.E.P. LOS REALEJOS,TENERIFE,PUERTO DE LA CRUZ,,,"C/ CARRIL, 63, LA VERA",PUERTO DE LA CRUZ,38400,Santa Cruz de Tenerife
38702515,EOEP,E.O.E.P. ABONA,TENERIFE,GRANADILLA DE ABONA,,,"CTRA. SAN MIGUEL DE ABONA, S/N",GRANADILLA DE ABONA,38600,Santa Cruz de Tenerife
38702517,EOEP,E.O.E.P. SANTA CRUZ DE LA PALMA,LA PALMA,SANTA CRUZ DE LA PALMA,,,"AVENIDA EL PUENTE, 50, BCO. DE LOS DOLORES",SANTA CRUZ DE LA PALMA,38700,Santa Cruz de Tenerife
38702566,C.PROFES.,C.PROFES. LA GOMERA,LA GOMERA,SAN SEBASTIÁN DE LA GOMERA,https://www3.gobiernodecanarias.org/medusa/edublog/cprofeslagomera/,SIN ASIGNAR,"AVENIDA JOSÉ AGUIAR, S/N",SAN SEBASTIÁN DE LA GOMERA,38880,Santa Cruz de Tenerife
38702570,EOEP,E.O.E.P. VALLE DE ARIDANE,LA PALMA,LOS LLANOS DE ARIDANE,,,"AVENIDA EUSEBIO BARRETO LORENZO, 36",,38760,Santa Cruz de Tenerife
38702571,EOEP,E.O.E.P. EL HIERRO,EL HIERRO,VALVERDE,,,"C/ TRINISTA, 1",,,Santa Cruz de Tenerife
38702573,EOEP,E.O.E.P. SAN BENITO,TENERIFE,SAN CRISTÓBAL DE LA LAGUNA,,,"C/ SABINO BERTHELOT, S/N",SAN CRISTÓBAL DE LA LAGUNA,38202,Santa Cruz de Tenerife
38702574,EOEP,E.O.E.P. EL TABLERO,TENERIFE,SANTA CRUZ DE TENERIFE,,,"C/ CASTAÑO, S/N",EL TABLERO,38108,Santa Cruz de Tenerife
38702575,EOEP,E.O.E.P. ACENTEJO,TENERIFE,LA MATANZA DE ACENTEJO,,,"C/ SAN JOSÉ, 64",,,Santa Cruz de Tenerife
38702576,EOEP,E.O.E.P. VALLE DE GÜÍMAR,TENERIFE,GÜÍMAR,,,"C/ HONDURAS, S/N",GÜÍMAR,38500,Santa Cruz de Tenerife
38702577,EOEP,E.O.E.P. YCODEN-DAUTE,TENERIFE,SAN JUAN DE LA RAMBLA,,,"C/ JOSÉ GREGORIO YANES DORTA, 2",SAN JOSÉ,38428,Santa Cruz de Tenerife
38702579,EOEP,E.O.E.P. ISORA,TENERIFE,GUÍA DE ISORA,,,"FINCA AGUA DULCE, C. VIOLETA DEL TEIDE, S/N",PLAYA DE SAN JUAN,38670,Santa Cruz de Tenerife
38702580,CER,CER CENTRO DE RECURSOS,TENERIFE,LOS REALEJOS,,
38702601,CER,CER GRANADILLA DE ABONA,TENERIFE,GRANADILLA DE ABONA,,C.PROFES. TENERIFE SUR - 38700388,"CTRA. SAN MIGUEL, S/N (CEIP GRANADILLA DE ABONA)",GRANADILLA DE ABONA,38611,Santa Cruz de Tenerife
38702651,EOEP,E.O.E.P. ESPECÍFICO DE DISCAPACIDADES VISUALES,TENERIFE,SANTA CRUZ DE TENERIFE,,SIN ASIGNAR,"C/ ALCALDE GARCÍA RAMOS, 6",SANTA CRUZ DE TENERIFE,38007,Santa Cruz de Tenerife
38702653,EOEP,E.O.E.P. LA LAGUNA,TENERIFE,SAN CRISTÓBAL DE LA LAGUNA,,,"C/ EMILIO GUTIÉRREZ SALAZAR, S/N",SAN CRISTÓBAL DE LA LAGUNA,38207,Santa Cruz de Tenerife
38702654,EOEP,E.O.E.P. OFRA-LOS GLADIOLOS,TENERIFE,SANTA CRUZ DE TENERIFE,,,"C/ ALCALDE GARCÍA RAMOS, 6 (LOS GLADIOLOS)",SANTA CRUZ DE TENERIFE,38007,Santa Cruz de Tenerife
38702655,EOEP,E.O.E.P. LA GOMERA,LA GOMERA,SAN SEBASTIÁN DE LA GOMERA,,,"AVENIDA JOSÉ AGUIAR, S/N",,,Santa Cruz de Tenerife
38702656,EOEP,E.O.E.P. ARONA,TENERIFE,ARONA,,,"C/ LOS SABANDEÑOS, S/N, LOS CRISTIANOS",LOS CRISTIANOS,38650,Santa Cruz de Tenerife
38702901,CER,CER GUÍA DE ISORA,TENERIFE,GUÍA DE ISORA,,C.PROFES. TENERIFE SUR - 38700388,"C/ GUARPÍA, 1 - URB. EL PINILLO",GUÍA DE ISORA,38680,Santa Cruz de Tenerife
38703002,CER,CER GÜÍMAR-FASNIA-ARICO,TENERIFE,GÜÍMAR,,C.PROFES. SANTA CRUZ DE TENERIFE - 38706050
38703303,CER,CER YCODEN DAUTE,TENERIFE,ICOD DE LOS VINOS,,C.PROFES. NORTE DE TENERIFE - 38700391,"C/ CTRA. DEL AMPARO, 30",CUEVA DEL VIENTO,38430,Santa Cruz de Tenerife
38703602,CER,CER VALLE DE ARIDANE,LA PALMA,LOS LLANOS DE ARIDANE,,C.PROFES. DE LA PALMA - 38700406,"AVDA. EUSEBIO BARRETO LORENZO, 36",LOS LLANOS DE ARIDANE,38760,Santa Cruz de Tenerife
38703701,CER,CER LA MATANZA DE ACENTEJO,TENERIFE,SANTA ÚRSULA,,C.PROFES. LA LAGUNA - 38700050
38704102,CER,CER BENIJOS,TENERIFE,LA OROTAVA,,
38705002,CER,CER EL ROSARIO-CANDELARIA,TENERIFE,EL ROSARIO,http://www.gobiernodecanarias.org/educacion/usr/cerroscan/index.html,C.PROFES. LA LAGUNA - 38700050
38705402,CER,CER SAN JUAN DE LA RAMBLA-LA GUANCHA,TENERIFE,LA GUANCHA,,C.PROFES. NORTE DE TENERIFE - 38700391
38705502,CER,CER SAN MIGUEL-VILAFLOR,TENERIFE,SAN MIGUEL DE ABONA,,C.PROFES. TENERIFE SUR - 38700388
38705701,CER,CER LA GOMERA,LA GOMERA,VALLE GRAN REY,,C.PROFES. LA GOMERA - 38702566,C/ LOMO DEL BALO (CEIP EL RETAMAL),EL RETAMAL,38879,Santa Cruz de Tenerife
38705904,CER,CER SANTA CRUZ DE LA PALMA,LA PALMA,SANTA CRUZ DE LA PALMA,,C.PROFES. DE LA PALMA - 38700406,"BARRANCO DE LAS NIEVES, S/N (CEIP BENAHOARE)",SANTA CRUZ DE LA PALMA,38700,Santa Cruz de Tenerife
38706028,CER,CER ANAGA,TENERIFE,SANTA CRUZ DE TENERIFE,http://www.ceranaga.com,C.PROFES. SANTA CRUZ DE TENERIFE - 38706050,"PLAZA NUESTRA SEÑORA DE FÁTIMA, 56 (CEIP SOR FLORENTINA Y AGUSTÍN CABRERA DÍAZ)",ROQUE NEGRO,38139,Santa Cruz de Tenerife
38706050,C.PROFES.,C.PROFES. SANTA CRUZ DE TENERIFE,TENERIFE,SANTA CRUZ DE TENERIFE,https://www3.gobiernodecanarias.org/medusa/edublog/cprofessantacruzdetenerife/,SIN ASIGNAR,"C/ ELADIO ROCA SALAZAR, 8",SANTA CRUZ DE TENERIFE,38008,Santa Cruz de Tenerife
38706055,EOEP,E.O.E.P. ESPECÍFICO DE DISCAPACIDADES AUDITIVAS,TENERIFE,SANTA CRUZ DE TENERIFE,,SIN ASIGNAR,"C/ DOMINGO SALAZAR CÓLOGAN, S/N",SANTA CRUZ DE TENERIFE,38010,Santa Cruz de Tenerife
38706056,EOEP,E.O.E.P. ESPECÍFICO DE DISCAPACIDADES MOTORAS,TENERIFE,SANTA CRUZ DE TENERIFE,,SIN ASIGNAR,"C/ GARA Y JONAY, 1",SANTA CRUZ DE TENERIFE,38010,Santa Cruz de Tenerife
38706057,EOEP,E.O.E.P. ESPECÍFICO DE TRASTORNOS GENERALIZADOS DEL DESARROLLO,TENERIFE,SANTA CRUZ DE TENERIFE,,SIN ASIGNAR,"C/ GARA Y JONAY, 1",SANTA CRUZ DE TENERIFE,38010,Santa Cruz de Tenerife
38706701,CER,CER EL TANQUE,TENERIFE,GARACHICO,http://www.gobiernodecanarias.org/educacion/usr/eltanque,C.PROFES. NORTE DE TENERIFE - 38700391,"C/ EL PINO, S/N (CEIP GENOVÉS)",GENOVÉS,38459,Santa Cruz de Tenerife
38706901,CER,CER TEGUESTE,TENERIFE,TEGUESTE,,C.PROFES. LA LAGUNA - 38700050
38707501,CER,CER TIJARAFE-TRICIAS,LA PALMA,TIJARAFE,,
38707631,CER,CER SANTIAGO DEL TEIDE,TENERIFE,SANTIAGO DEL TEIDE,,C.PROFES. TENERIFE SUR - 38700388
38707901,CER,CER EL HIERRO,EL HIERRO,VALVERDE,,C.PROFES. EL HIERRO - 38700140,"C/ BARLOVENTO, 57-59 (CEIP EL MOCANAL JUANA MARÍA HERNÁNDEZ ARMAS)",MOCANAL,38916,Santa Cruz de Tenerife
38017731,CIFP,CIFP EN ICOD DE LOS VINOS,TENERIFE,ICOD DE LOS VINOS,,,"C/ ELÍAS SERRA RAFOLS, 9 (EL PAREDÓN)",ICOD DE LOS VINOS,38430,Santa Cruz de Tenerife,922-592747,38017731@gobiernodecanarias.org,Público,Docente,"Cons. de Educación, Form. Prof., Activ. Física y Deportes",-16.7096031581964,28.3682626040993
38002065,IES,IES SAN MARCOS,TENERIFE,ICOD DE LOS VINOS,http://www.iessanmarcos.com,,"C/ ELÍAS SERRA RAFOLS, 9 (EL PAREDÓN)",ICOD DE LOS VINOS,38430,Santa Cruz de Tenerife,922-592747,38002065@gobiernodecanarias.org,Público,Docente,"Cons. de Educación, Form. Prof., Activ. Física y Deportes",-16.7096031581964,28.3682626040993
38703703,CER,CER TACORONTE-ACENTEJO,TENERIFE,LA VICTORIA DE ACENTEJO,,C.PROFES. LA LAGUNA - 38700050,"C/ LOS BAJOS, 84 (CEIP BAJOS Y TAGORO)",LA VICTORIA DE ACENTEJO,38380,Santa Cruz de Tenerife,,,Público,Docente
