Codigo,Activo,FechaAlta,FechaBaja,CodigoSustituidoPor,FuenteEstado,FuenteEstadoURL
35700602,0,,,35704601,BOC-A-2026-166-2986,https://www.gobiernodecanarias.org/boc/2026/166/2986.html
35701201,0,,,,BOC-A-2026-166-2986,https://www.gobiernodecanarias.org/boc/2026/166/2986.html
35703102,0,,,,BOC-A-2026-166-2986,https://www.gobiernodecanarias.org/boc/2026/166/2986.html
35703802,0,,,,BOC-A-2026-166-2986,https://www.gobiernodecanarias.org/boc/2026/166/2986.html
35704001,0,,,,BOC-A-2026-166-2986,https://www.gobiernodecanarias.org/boc/2026/166/2986.html
35704335,0,,,,BOC-A-2026-166-2986,https://www.gobiernodecanarias.org/boc/2026/166/2986.html
35705303,0,,,,BOC-A-2026-166-2986,https://www.gobiernodecanarias.org/boc/2026/166/2986.html
35705603,0,,,,BOC-A-2026-166-2986,https://www.gobiernodecanarias.org/boc/2026/166/2986.html
35707301,0,,,,BOC-A-2026-166-2986,https://www.gobiernodecanarias.org/boc/2026/166/2986.html
35707801,0,,,,BOC-A-2026-166-2986,https://www.gobiernodecanarias.org/boc/2026/166/2986.html
35708702,0,,,,BOC-A-2026-166-2986,https://www.gobiernodecanarias.org/boc/2026/166/2986.html
38002065,0,,2026-08-31,38017731,BOC-A-2026-179-3175,https://www.gobiernodecanarias.org/boc/2026/179/3175.html
38017731,1,2026-09-01,,,BOC-A-2026-179-3175,https://www.gobiernodecanarias.org/boc/2026/179/3175.html
38700127,0,,,,BOC-A-2026-166-2986,https://www.gobiernodecanarias.org/boc/2026/166/2986.html
38700135,0,,,,BOC-A-2026-166-2986,https://www.gobiernodecanarias.org/boc/2026/166/2986.html
38700136,0,,,,BOC-A-2026-166-2986,https://www.gobiernodecanarias.org/boc/2026/166/2986.html
38700138,0,,,38705701,BOC-A-2026-166-2986,https://www.gobiernodecanarias.org/boc/2026/166/2986.html
38700139,0,,,38707901,BOC-A-2026-166-2986,https://www.gobiernodecanarias.org/boc/2026/166/2986.html
38700141,0,,,,BOC-A-2026-166-2986,https://www.gobiernodecanarias.org/boc/2026/166/2986.html
38700142,0,,,38702901,BOC-A-2026-166-2986,https://www.gobiernodecanarias.org/boc/2026/166/2986.html
38700143,0,,,,BOC-A-2026-166-2986,https://www.gobiernodecanarias.org/boc/2026/166/2986.html
38701701,0,,,,BOC-A-2026-166-2986,https://www.gobiernodecanarias.org/boc/2026/166/2986.html
38702502,0,,,,BOC-A-2026-166-2986,https://www.gobiernodecanarias.org/boc/2026/166/2986.html
38702580,0,,,,BOC-A-2026-166-2986,https://www.gobiernodecanarias.org/boc/2026/166/2986.html
38703002,0,,,,BOC-A-2026-166-2986,https://www.gobiernodecanarias.org/boc/2026/166/2986.html
38703701,0,,,,BOC-A-2026-166-2986,https://www.gobiernodecanarias.org/boc/2026/166/2986.html
38704102,0,,,,BOC-A-2026-166-2986,https://www.gobiernodecanarias.org/boc/2026/166/2986.html
38705002,0,,,,BOC-A-2026-166-2986,https://www.gobiernodecanarias.org/boc/2026/166/2986.html
38705402,0,,,,BOC-A-2026-166-2986,https://www.gobiernodecanarias.org/boc/2026/166/2986.html
38705502,0,,,,BOC-A-2026-166-2986,https://www.gobiernodecanarias.org/boc/2026/166/2986.html
38706901,0,,,,BOC-A-2026-166-2986,https://www.gobiernodecanarias.org/boc/2026/166/2986.html
38707501,0,,,,BOC-A-2026-166-2986,https://www.gobiernodecanarias.org/boc/2026/166/2986.html
38707631,0,,,,BOC-A-2026-166-2986,https://www.gobiernodecanarias.org/boc/2026/166/2986.html
