Codigo,DesEtapaCentro,Denominacion,Direccion,Localidad,CodigoPostal,Municipio,Isla,Provincia,Telefono,Fax,CorreoElectronico,PaginaWeb,Naturaleza,TipoCentro,Concierto,Longitud,Latitud,CentroDestino,CentroCepaAlQuePertenece,EOEP,CentroCER,ZonaInspeccionCodigo
35015051,CPEI,CPEI MAFALDA,"CTRA. GRAL. DEL NORTE KM. 4,1 - LOS TARAHALES",LAS PALMAS DE GRAN CANARIA,35010,LAS PALMAS DE GRAN CANARIA,GRAN CANARIA,Las Palmas,928-410375,,escuelainfantilmaphalda@gmail.com,,Privado,Docente,Sin niveles concertados,-15.4517883149999,28.0969659950001,,,,,315
35015681,CPDEM,CPDEM SHAKESPEARE BRITISH SCHOOL,"C/ SOROLLA, 3 - MONTAÑA LAS HUESAS",TELDE,35215,TELDE,GRAN CANARIA,Las Palmas,928-684290 y 630-136349,,contacto@shakespeareschool.es,,Privado,Docente,Sin niveles concertados,-15.394644,27.980037,,,,,
35015784,CEL,CEL DE CANARIAS,"C/ MÁLAGA, 46",,35016,LAS PALMAS DE GRAN CANARIA,GRAN CANARIA,Las Palmas,928-306355,,35015784@gobiernodecanarias.org,http://www.gobiernodecanarias.org/medusa/edublog/auladeensenanzaenlinea/inicio,Público,Docente,Público,-15.41783041,28.08748634,,,,,306
35015981,CPEI,CPEI BEE HAPPY CENTRE,"C/ TORRES, 3",,35002,LAS PALMAS DE GRAN CANARIA,GRAN CANARIA,Las Palmas,928-918281 y 696-547661,,beehappycentre@gmail.com,,Privado,Docente,Sin niveles concertados,-15.415797,28.104863,,,,,308
35016089,EEI,EEI FRAGUEL ROCK,"C/ VICTORIANO GUEDES ARTILES, S/N",,35107,SAN BARTOLOMÉ DE TIRAJANA,GRAN CANARIA,Las Palmas,,,,,Público,Docente,Público,,,,,,,326
35016090,EEI,EEI LOS DIMINUTOS,"C/ MANUEL PESTANA QUINTERO, S/N",,35109,SAN BARTOLOMÉ DE TIRAJANA,GRAN CANARIA,Las Palmas,,,,,Público,Docente,Público,,,,,,,328
35016107,EEI,EEI LOS PEQUEÑECOS,"C/ TUNTE, 2",,35100,SAN BARTOLOMÉ DE TIRAJANA,GRAN CANARIA,Las Palmas,,,,,Público,Docente,Público,,,,,,,327
35610100,UAPA,UAPA ANTIGUA,"CTRA. TRIQUIVIJATE, 18 (CEO ANTIGUA)",,35610,ANTIGUA,FUERTEVENTURA,Las Palmas,928-861024 y 928-851956,928-851956,35008007@gobiernodecanarias.org,http://www.cepafuerteventuranorte.es,Público,Docente,Público,-14.01119311,28.41951612,,35008007 - CEPA FUERTEVENTURA NORTE,,,
35610107,UAPA,UAPA PUERTO DEL ROSARIO,"C/ PROFESOR JUAN TADEO CABRERA, 1 (CENTRO DE LA 3ª EDAD)",,35600,PUERTO DEL ROSARIO,FUERTEVENTURA,Las Palmas,928-861024 y 928-851956,928-851956,35008007@gobiernodecanarias.org,http://www.cepafuerteventuranorte.es,Público,Docente,Público,-13.86027203,28.49757708,,35008007 - CEPA FUERTEVENTURA NORTE,,,
35610108,UAPA,UAPA CORRALEJO (IES),"C/ FRANCISCO NAVARRO ARTILES, 14",,35660,LA OLIVA,FUERTEVENTURA,Las Palmas,928-861024 y 928-851956,928-851956,35008007@gobiernodecanarias.org,http://www.cepafuerteventuranorte.es,Público,Docente,Público,-13.87374912,28.73739088,,35008007 - CEPA FUERTEVENTURA NORTE,,,
35610112,UAPA,UAPA PUERTO DEL ROSARIO (IES),"C/ GRAN CANARIA, 45",,35600,PUERTO DEL ROSARIO,FUERTEVENTURA,Las Palmas,928-861024 y 928-851956,928-851956,35008007@gobiernodecanarias.org,http://www.cepafuerteventuranorte.es,Público,Docente,Público,-13.86649838,28.50269037,,35008007 - CEPA FUERTEVENTURA NORTE,,,
35610118,UAPA,UAPA CEIP POETA DOMINGO VELÁZQUEZ,"EL BERNEGAL, 48",,35600,PUERTO DEL ROSARIO,FUERTEVENTURA,Las Palmas,928-861024 y 928-851956,928-851956,35008007@gobiernodecanarias.org,http://www.cepafuerteventuranorte.es,Público,Docente,Público,,,,35008007 - CEPA FUERTEVENTURA NORTE,,,
35610121,UAPA,UAPA MATORRAL (CENTRO CULTURAL),"C/ EL GRANZÓN, S/N",,35610,PUERTO DEL ROSARIO,FUERTEVENTURA,Las Palmas,928-861024 y 928-851956,928-851956,35008007@gobiernodecanarias.org,http://www.cepafuerteventuranorte.es,Público,Docente,Público,,,,35008007 - CEPA FUERTEVENTURA NORTE,,,
35610123,UAPA,UAPA RAÍZ DEL PUEBLO,C/ FRANCISCO FUENTES Nº11,,35640,LA OLIVA,FUERTEVENTURA,Las Palmas,928-861024 y 928-851956,928-851956,35008007@gobiernodecanarias.org,http://www.cepafuerteventuranorte.es,Público,Docente,Público,-13.92570138,28.61106368,,35008007 - CEPA FUERTEVENTURA NORTE,,,
35610124,UAPA,UAPA CORRALEJO CASCO,C/ BAJO AMARILLO Nº3,,35660,LA OLIVA,FUERTEVENTURA,Las Palmas,928-861024 y 928-851956,928-851956,35008007@gobiernodecanarias.org,http://www.cepafuerteventuranorte.es,Público,Docente,Público,-13.86884053,28.74089003,,35008007 - CEPA FUERTEVENTURA NORTE,,,
35610200,UAPA,UAPA GRAN TARAJAL,"C/ DON LUIS EL MAESTRO, S/N (CENTRO DE MAYORES DE GRAN TARAJAL)",,35620,TUINEJE,FUERTEVENTURA,Las Palmas,928-162384,928-162482,35010181@gobiernodecanarias.org,http://www3.gobiernodecanarias.org/medusa/edublog/cepafuerteventurasur/,Público,Docente,Público,,,,35010181 - CEPA FUERTEVENTURA SUR,,,
35610201,UAPA,UAPA MORROJABLE-JANDÍA (IES),"C/ QUEVEDO, 119",,35625,PÁJARA,FUERTEVENTURA,Las Palmas,928-162384,928-162482,35010181@gobiernodecanarias.org,http://www3.gobiernodecanarias.org/medusa/edublog/cepafuerteventurasur/,Público,Docente,Público,-14.35795974,28.06461317,,35010181 - CEPA FUERTEVENTURA SUR,,,
35610206,UAPA,UAPA TARAJALEJO,"C/ CABRERA MARTÍN, S/N (CEIP TARAJALEJO)",,35620,TUINEJE,FUERTEVENTURA,Las Palmas,928-162384,928-162482,35010181@gobiernodecanarias.org,http://www3.gobiernodecanarias.org/medusa/edublog/cepafuerteventurasur/,Público,Docente,Público,,,,35010181 - CEPA FUERTEVENTURA SUR,,,
35610207,UAPA,UAPA LA LAJITA,"C/ LOS BIRONES, 6",,35625,PÁJARA,FUERTEVENTURA,Las Palmas,928-162384,928-162482,35010181@gobiernodecanarias.org,http://www3.gobiernodecanarias.org/medusa/edublog/cepafuerteventurasur/,Público,Docente,Público,-14.15087147,28.18518295,,35010181 - CEPA FUERTEVENTURA SUR,,,
35610208,UAPA,UAPA COSTA CALMA,"C/ HAPAG LLOYD, 4",,35627,PÁJARA,FUERTEVENTURA,Las Palmas,928-162384,928-162482,35010181@gobiernodecanarias.org,http://www3.gobiernodecanarias.org/medusa/edublog/cepafuerteventurasur/,Público,Docente,Público,-14.22760168,28.16585844,,35010181 - CEPA FUERTEVENTURA SUR,,,
35610211,UAPA,UAPA PÁJARA (CEIP),"C/ PICO DE LA PILA, 30",,35628,PÁJARA,FUERTEVENTURA,Las Palmas,928-162384,928-162482,35010181@gobiernodecanarias.org,http://www3.gobiernodecanarias.org/medusa/edublog/cepafuerteventurasur/,Público,Docente,Público,-14.10755746,28.35298754,,35010181 - CEPA FUERTEVENTURA SUR,,,
35610212,UAPA,UAPA TUINEJE (CENTRO CULTURAL),C/ EUSTAQUIO GOPAR Nº 15,,35629,TUINEJE,FUERTEVENTURA,Las Palmas,928-162384,928-162482,35010181@gobiernodecanarias.org,http://www3.gobiernodecanarias.org/medusa/edublog/cepafuerteventurasur/,Público,Docente,Público,-14.04726150,28.32475825,,35010181 - CEPA FUERTEVENTURA SUR,,,
35620103,UAPA,UAPA HARÍA,C/ ERA DE LOS LLANOS S/N,,35520,HARÍA,LANZAROTE,Las Palmas,928-800019 y 928-811400,928-811400,35007969@gobiernodecanarias.org,http://www3.gobiernodecanarias.org/medusa/edublog/cepatiterroygatra,Público,Docente,Público,-13.49294138,29.15989817,,35007969 - CEPA TITERROYGATRA,,,
35620104,UAPA,UAPA SAN BARTOLOMÉ,C/ DOLORES FERRER,,35550,SAN BARTOLOMÉ,LANZAROTE,Las Palmas,928-800019 y 928-811400,928-811400,35007969@gobiernodecanarias.org,http://www3.gobiernodecanarias.org/medusa/edublog/cepatiterroygatra,Público,Docente,Público,-13.61275956,28.99977390,,35007969 - CEPA TITERROYGATRA,,,
35620105,UAPA,UAPA TÍAS (IES),"RAMBLA DE LAS ISLAS CANARIAS, 39",,35510,TÍAS,LANZAROTE,Las Palmas,928-800019 y 928-811400,928-811400,35007969@gobiernodecanarias.org,http://www3.gobiernodecanarias.org/medusa/edublog/cepatiterroygatra,Público,Docente,Público,-13.66473302,28.92879039,,35007969 - CEPA TITERROYGATRA,,,
35620108,UAPA,UAPA YAIZA,"C/ MONTAÑA ALMURCIA, 1",,35570,YAIZA,LANZAROTE,Las Palmas,928-800019 y 928-811400,928-811400,35007969@gobiernodecanarias.org,http://www3.gobiernodecanarias.org/medusa/edublog/cepatiterroygatra,Público,Docente,Público,-13.77619771,28.95405160,,35007969 - CEPA TITERROYGATRA,,,
35620111,UAPA,UAPA PLAYA BLANCA,C/ EL MARÍSCO Nº 1,,35580,YAIZA,LANZAROTE,Las Palmas,928-800019 y 928-811400,928-811400,35007969@gobiernodecanarias.org,http://www3.gobiernodecanarias.org/medusa/edublog/cepatiterroygatra,Público,Docente,Público,-13.82931174,28.86357939,,35007969 - CEPA TITERROYGATRA,,,
35630100,UAPA,UAPA CAÑADA HONDA,"C/ TAZIRGA, S/N",,35460,GÁLDAR,GRAN CANARIA,Las Palmas,928-577819,,35008974@gobiernodecanarias.org,http://www3.gobiernodecanarias.org/medusa/edublog/cepagaldar,Público,Docente,Público,-15.64795643,28.14957726,,35008974 - CEPA GÁLDAR,,,
35630101,UAPA,UAPA SAN ISIDRO,C/ PLAZA SAN ISIDRO Nº2,,35460,GÁLDAR,GRAN CANARIA,Las Palmas,928-577819,,35008974@gobiernodecanarias.org,http://www3.gobiernodecanarias.org/medusa/edublog/cepagaldar,Público,Docente,Público,-15.66064038,28.13260958,,35008974 - CEPA GÁLDAR,,,
35630102,UAPA,UAPA LOS QUINTANA,"C/ SILVA LINARES, S/N",,35468,GÁLDAR,GRAN CANARIA,Las Palmas,928-577819,,35008974@gobiernodecanarias.org,http://www3.gobiernodecanarias.org/medusa/edublog/cepagaldar,Público,Docente,Público,-15.66868507,28.11677629,,35008974 - CEPA GÁLDAR,,,
35630103,UAPA,UAPA BARRIAL,"AVDA. LA CONSTITUCIÓN , 2",,35469,GÁLDAR,GRAN CANARIA,Las Palmas,928-577819,,35008974@gobiernodecanarias.org,http://www3.gobiernodecanarias.org/medusa/edublog/cepagaldar,Público,Docente,Público,-15.66450609,28.14204497,,35008974 - CEPA GÁLDAR,,,
35630104,UAPA,UAPA MARMOLEJOS,C/ MARMOLEJOS Nº137,,35468,GÁLDAR,GRAN CANARIA,Las Palmas,928-577819,,35008974@gobiernodecanarias.org,http://www3.gobiernodecanarias.org/medusa/edublog/cepagaldar,Público,Docente,Público,-15.65708611,28.12960623,,35008974 - CEPA GÁLDAR,,,
35630105,UAPA,UAPA SARDINA,"C/ JIMÉNEZ DÍAZ, 1",,35469,GÁLDAR,GRAN CANARIA,Las Palmas,928-577819,,35008974@gobiernodecanarias.org,http://www3.gobiernodecanarias.org/medusa/edublog/cepagaldar,Público,Docente,Público,-15.69081855,28.15457962,,35008974 - CEPA GÁLDAR,,,
35630106,UAPA,UAPA PISO FIRME,"CTRA. GENERAL AGAETE, KM. 33",,35488,GÁLDAR,GRAN CANARIA,Las Palmas,928-577819,,35008974@gobiernodecanarias.org,http://www3.gobiernodecanarias.org/medusa/edublog/cepagaldar,Público,Docente,Público,-15.68353514,28.11155291,,35008974 - CEPA GÁLDAR,,,
35630107,UAPA,UAPA ANZO,"PZA. DE SANTA RITA, S/N",,35460,GÁLDAR,GRAN CANARIA,Las Palmas,928-577819,,35008974@gobiernodecanarias.org,http://www3.gobiernodecanarias.org/medusa/edublog/cepagaldar,Público,Docente,Público,-15.64127295,28.12989803,,35008974 - CEPA GÁLDAR,,,
35630108,UAPA,UAPA AGAETE,"C/ JUAN DE ARMAS, Nº2",,35480,AGAETE,GRAN CANARIA,Las Palmas,928-577819,,35008974@gobiernodecanarias.org,http://www3.gobiernodecanarias.org/medusa/edublog/cepagaldar,Público,Docente,Público,-15.69871204,28.09930536,,35008974 - CEPA GÁLDAR,,,
35630109,UAPA,UAPA LA ATALAYA,"PLAZA SAN PEDRO, S/N",,35450,SANTA MARÍA DE GUÍA DE GRAN CANARIA,GRAN CANARIA,Las Palmas,928-577819,,35008974@gobiernodecanarias.org,http://www3.gobiernodecanarias.org/medusa/edublog/cepagaldar,Público,Docente,Público,-15.63113045,28.15205771,,35008974 - CEPA GÁLDAR,,,
35630110,UAPA,UAPA BECERRIL,"PLAZA DE SAN PABLO, 2",,35450,SANTA MARÍA DE GUÍA DE GRAN CANARIA,GRAN CANARIA,Las Palmas,928-577819,,35008974@gobiernodecanarias.org,http://www3.gobiernodecanarias.org/medusa/edublog/cepagaldar,Público,Docente,Público,-15.63764869,28.14656894,,35008974 - CEPA GÁLDAR,,,
35630111,UAPA,UAPA LA DEHESA,"C/ GUÍA DE ISORA, S/N",,35458,SANTA MARÍA DE GUÍA DE GRAN CANARIA,GRAN CANARIA,Las Palmas,928-577819,,35008974@gobiernodecanarias.org,http://www3.gobiernodecanarias.org/medusa/edublog/cepagaldar,Público,Docente,Público,-15.61538722,28.12510323,,35008974 - CEPA GÁLDAR,,,
35630112,UAPA,UAPA CAIDEROS,"C/ ALCALDE ROSAS, 13",,35468,GÁLDAR,GRAN CANARIA,Las Palmas,928-577819,,35008974@gobiernodecanarias.org,http://www3.gobiernodecanarias.org/medusa/edublog/cepagaldar,Público,Docente,Público,-15.62324386,28.1287233,,35008974 - CEPA GÁLDAR,,,
35630114,UAPA,UAPA EL PAGADOR,"C\ EL ROQUE, Nº 4",,35413,MOYA,GRAN CANARIA,Las Palmas,928-577819,,35008974@gobiernodecanarias.org,http://www3.gobiernodecanarias.org/medusa/edublog/cepagaldar,Público,Docente,Público,-15.57028847,28.14343893,,35008974 - CEPA GÁLDAR,,,
35630115,UAPA,UAPA MOYA,C/ CERVANTES Nº22,,35420,MOYA,GRAN CANARIA,Las Palmas,928-577819,,35008974@gobiernodecanarias.org,http://www3.gobiernodecanarias.org/medusa/edublog/cepagaldar,Público,Docente,Público,-15.58286024,28.11233876,,35008974 - CEPA GÁLDAR,,,
35630116,UAPA,UAPA LA ENCONADA,"C/ JUAN RODRÍGUEZ RAMÍREZ, 15",,35460,GÁLDAR,GRAN CANARIA,Las Palmas,928-577819,,35008974@gobiernodecanarias.org,http://www3.gobiernodecanarias.org/medusa/edublog/cepagaldar,Público,Docente,Público,-15.66351710,28.12984056,,35008974 - CEPA GÁLDAR,,,
35630117,UAPA,UAPA LA PUNTA,"C/ PUNTA DE GÁLDAR, 86 (ASOCIACIÓN DE VECINOS AMIGOS DEL CHARCÓN)",,35469,GÁLDAR,GRAN CANARIA,Las Palmas,928-577819,,35008974@gobiernodecanarias.org,http://www3.gobiernodecanarias.org/medusa/edublog/cepagaldar,Público,Docente,Público,-15.68373721,28.16893220,,35008974 - CEPA GÁLDAR,,,
35630118,UAPA,UAPA SAN ROQUE,C/ SOR LORENA DÍAZ BOLAÑOS S/N,,35450,SANTA MARÍA DE GUÍA DE GRAN CANARIA,GRAN CANARIA,Las Palmas,928-577819,,35008974@gobiernodecanarias.org,http://www3.gobiernodecanarias.org/medusa/edublog/cepagaldar,Público,Docente,Público,-15.62963746,28.13708044,,35008974 - CEPA GÁLDAR,,,
35630121,UAPA,UAPA PALMA DE ROJAS,C/ DOCTOR PASTEUR Nº9,,35460,GÁLDAR,GRAN CANARIA,Las Palmas,928-577819,,35008974@gobiernodecanarias.org,http://www3.gobiernodecanarias.org/medusa/edublog/cepagaldar,Público,Docente,Público,-15.64227806,28.14668037,,35008974 - CEPA GÁLDAR,,,
35630200,UAPA,UAPA ARUCAS (TERCERA EDAD),"AVDA. DEL MIRÓN,18 (CENTRO DE PENSIONISTAS)",,35400,ARUCAS,GRAN CANARIA,Las Palmas,928-304382,,35009619@gobiernodecanarias.org,http://www3.gobiernodecanarias.org/medusa/edublog/cepaarucasyfirgasfernandomarreropulido/,Público,Docente,Público,-15.52496513,28.11724001,,35009619 - CEPA ARUCAS Y FIRGAS FERNANDO MARRERO PULIDO,,,
35630209,UAPA,UAPA CARDONES,"PLAZA DE SAN ISIDRO, 45",,35415,ARUCAS,GRAN CANARIA,Las Palmas,928-304382,,35009619@gobiernodecanarias.org,http://www3.gobiernodecanarias.org/medusa/edublog/cepaarucasyfirgasfernandomarreropulido/,Público,Docente,Público,-15.50973782,28.13246823,,35009619 - CEPA ARUCAS Y FIRGAS FERNANDO MARRERO PULIDO,,,
35630302,UAPA,UAPA EL RINCÓN (IES),"AVDA. DEL INDUSTRIAL JOSÉ SÁNCHEZ PEÑATE, S/N (IES EL RINCÓN)",,35010,LAS PALMAS DE GRAN CANARIA,GRAN CANARIA,Las Palmas,928-599263,,35007982@gobiernodecanarias.org,http://www3.gobiernodecanarias.org/medusa/edublog/cepalaspalmas/,Público,Docente,Público,-15.44650746,28.12759367,,35007982 - CEPA LAS PALMAS,,,
35630303,UAPA,UAPA LA ISLETA (IES),"C/ JUAN REJÓN, 58 (IES LA ISLETA)",,35009,LAS PALMAS DE GRAN CANARIA,GRAN CANARIA,Las Palmas,928-599263,,35007982@gobiernodecanarias.org,http://www3.gobiernodecanarias.org/medusa/edublog/cepalaspalmas/,Público,Docente,Público,-15.42289442,28.14962177,,35007982 - CEPA LAS PALMAS,,,
35630304,UAPA,UAPA LAS PALMAS,"CENTRO MAYORES LA ISLETA PLAZA CASTILLO DE LA LUZ, 58",,35009,LAS PALMAS DE GRAN CANARIA,GRAN CANARIA,Las Palmas,928-599263,,35007982@gobiernodecanarias.org,http://www3.gobiernodecanarias.org/medusa/edublog/cepalaspalmas/,Público,Docente,Público,-15.42402131,28.14892956,,35007982 - CEPA LAS PALMAS,,,
35630311,UAPA,UAPA LAS COLORADAS,CTRA. GRAL. LAS COLORADAS. LOCAL SOCIAL JOSÉ VICENTE LEÓN,,35009,LAS PALMAS DE GRAN CANARIA,GRAN CANARIA,Las Palmas,928-599263,,35007982@gobiernodecanarias.org,http://www3.gobiernodecanarias.org/medusa/edublog/cepalaspalmas/,Público,Docente,Público,-15.43485800,28.16469286,,35007982 - CEPA LAS PALMAS,,,
35630313,UAPA,UAPA LOMO APOLINARIO,"C/ LOMO APOLINARIO, 92. LOCAL SOCIAL LOMO APOLINARIO",,35014,LAS PALMAS DE GRAN CANARIA,GRAN CANARIA,Las Palmas,928-599263,,35007982@gobiernodecanarias.org,http://www3.gobiernodecanarias.org/medusa/edublog/cepalaspalmas/,Público,Docente,Público,-15.43925241,28.09454791,,35007982 - CEPA LAS PALMAS,,,
35630314,UAPA,UAPA SAN NICOLÁS,C/ GUADIANA S/N ESQUINA S. NICOLÁS DE BARI,,35002,LAS PALMAS DE GRAN CANARIA,GRAN CANARIA,Las Palmas,928-599263,,35007982@gobiernodecanarias.org,http://www3.gobiernodecanarias.org/medusa/edublog/cepalaspalmas/,Público,Docente,Público,-15.42017240,28.10200421,,35007982 - CEPA LAS PALMAS,,,
35630405,UAPA,UAPA CRUZ DE PIEDRA,"C/ JOAQUÍN BELÓN, 19",,35001,LAS PALMAS DE GRAN CANARIA,GRAN CANARIA,Las Palmas,928-899706,,35009632@gobiernodecanarias.org,http://www.cepaciudadalta.es,Público,Docente,Público,-15.43652177,28.10364589,,35009632 - CEPA LAS PALMAS-CIUDAD ALTA,,,
35630407,UAPA,UAPA ALCALDE RAMÍREZ BETHENCOURT (CEIP),"C/ RAFAEL GARCÍA PÉREZ, S/N",,35014,LAS PALMAS DE GRAN CANARIA,GRAN CANARIA,Las Palmas,928-899706,,35009632@gobiernodecanarias.org,http://www.cepaciudadalta.es,Público,Docente,Público,-15.42910510,28.10416742,,35009632 - CEPA LAS PALMAS-CIUDAD ALTA,,,
35630500,UAPA,UAPA EL BATÁN,"C/ ALEXIS CARREL, 45",,35015,LAS PALMAS DE GRAN CANARIA,GRAN CANARIA,Las Palmas,928-499564,928-332440,35009644@gobiernodecanarias.org,http://www.cepaconosur.org,Público,Docente,Público,-15.43160878,28.09232105,,35009644 - CEPA LAS PALMAS-CONO SUR,,,
35630501,UAPA,UAPA LOMO BLANCO,"C/ HERACLIO SÁNCHEZ, S/N",,35015,LAS PALMAS DE GRAN CANARIA,GRAN CANARIA,Las Palmas,928-499564,928-332440,35009644@gobiernodecanarias.org,http://www.cepaconosur.org,Público,Docente,Público,-15.44487318,28.08381098,,35009644 - CEPA LAS PALMAS-CONO SUR,,,
35630703,UAPA,UAPA TEROR (IES),"C/ JOSÉ MIRANDA GUERRA, 3",,35330,TEROR,GRAN CANARIA,Las Palmas,928-613498,928-613498,35009693@gobiernodecanarias.org,http://www3.gobiernodecanarias.org/medusa/edublog/cepateror/,Público,Docente,Público,-15.54453447,28.05925994,,35009693 - CEPA TEROR,,,
35630704,UAPA,UAPA LO BLANCO,"C/ LA ERMITA, 3 (ASOCIACIÓN DE VECINOS)",,35338,TEROR,GRAN CANARIA,Las Palmas,928-613498,928-613498,35009693@gobiernodecanarias.org,http://www3.gobiernodecanarias.org/medusa/edublog/cepateror/,Público,Docente,Público,-15.51018551,28.07699213,,35009693 - CEPA TEROR,,,
35630708,UAPA,UAPA LA CASCADA,"CALLE LA DIPUTACIÓN, 9",,35330,TEROR,GRAN CANARIA,Las Palmas,928-613498,928-613498,35009693@gobiernodecanarias.org,http://www3.gobiernodecanarias.org/medusa/edublog/cepateror/,Público,Docente,Público,-15.54831682,28.06001011,,35009693 - CEPA TEROR,,,
35630800,UAPA,UAPA LA ANGOSTURA,"CTRA. GENERAL DE LA ANGOSTURA, S/N (ASOCIACIÓN DE VECINOS)",,35309,SANTA BRÍGIDA,GRAN CANARIA,Las Palmas,928-478837,,35009668@gobiernodecanarias.org,https://www3.gobiernodecanarias.org/medusa/edublog/cepasantabrigida/,Público,Docente,Público,-15.48774032,28.04863019,,35009668 - CEPA SANTA BRÍGIDA,,,
35630801,UAPA,UAPA LA ATALAYA,"C/ CURA NAVARRO, 52",,35307,SANTA BRÍGIDA,GRAN CANARIA,Las Palmas,928-478837,,35009668@gobiernodecanarias.org,https://www3.gobiernodecanarias.org/medusa/edublog/cepasantabrigida/,Público,Docente,Público,-15.47819855,28.02770718,,35009668 - CEPA SANTA BRÍGIDA,,,
35630804,UAPA,UAPA SAN MATEO,"C/ DEL AGUA S/N, EDIF. DE SERVICIOS SOCIALES",,35320,VEGA DE SAN MATEO,GRAN CANARIA,Las Palmas,928-478837,,35009668@gobiernodecanarias.org,https://www3.gobiernodecanarias.org/medusa/edublog/cepasantabrigida/,Público,Docente,Público,-15.53331074,28.00791277,,35009668 - CEPA SANTA BRÍGIDA,,,
35630805,UAPA,UAPA UTIACA,"LUGAR UTIACA Nº64, ASOCIACIÓN DE VECINOS SANTA MÓNICA",,35328,VEGA DE SAN MATEO,GRAN CANARIA,Las Palmas,928-478837,,35009668@gobiernodecanarias.org,https://www3.gobiernodecanarias.org/medusa/edublog/cepasantabrigida/,Público,Docente,Público,-15.55230043,28.01994240,,35009668 - CEPA SANTA BRÍGIDA,,,
35630806,UAPA,UAPA LAS LAGUNETAS,"PZA. LAS LAGUNETAS, S/N",,35328,VEGA DE SAN MATEO,GRAN CANARIA,Las Palmas,928-478837,,35009668@gobiernodecanarias.org,https://www3.gobiernodecanarias.org/medusa/edublog/cepasantabrigida/,Público,Docente,Público,-15.57608358,28.00481263,,35009668 - CEPA SANTA BRÍGIDA,,,
35630809,UAPA,UAPA LA LECHUZA (CEIP),"CARRETERA LA LECHUZA, Nº5",,35329,VEGA DE SAN MATEO,GRAN CANARIA,Las Palmas,928-478837,,35009668@gobiernodecanarias.org,https://www3.gobiernodecanarias.org/medusa/edublog/cepasantabrigida/,Público,Docente,Público,-15.55443948,28.00426232,,35009668 - CEPA SANTA BRÍGIDA,,,
35630810,UAPA,UAPA PINO SANTO ALTO (CEIP),"C/ PINO SANTO ALTO, Nº2",,35309,SANTA BRÍGIDA,GRAN CANARIA,Las Palmas,928-478837,,35009668@gobiernodecanarias.org,https://www3.gobiernodecanarias.org/medusa/edublog/cepasantabrigida/,Público,Docente,Público,-15.52625050,28.03378763,,35009668 - CEPA SANTA BRÍGIDA,,,
35630811,UAPA,UAPA SANTA BRÍGIDA (IES),"CAMINO DE LOS OLIVOS, 41",,35309,SANTA BRÍGIDA,GRAN CANARIA,Las Palmas,928-478837,,35009668@gobiernodecanarias.org,https://www3.gobiernodecanarias.org/medusa/edublog/cepasantabrigida/,Público,Docente,Público,-15.49192800,28.03957460,,35009668 - CEPA SANTA BRÍGIDA,,,
35630901,UAPA,UAPA TENTENIGUADA,"C/ SAN JUAN, 26",,35217,VALSEQUILLO DE GRAN CANARIA,GRAN CANARIA,Las Palmas,928-303074 y 928-303075,,35009681@gobiernodecanarias.org,http://www.cepateldelaherradura.es,Público,Docente,Público,-15.52146835,27.98716414,,35009681 - CEPA TELDE-LA HERRADURA,,,
35631100,UAPA,UAPA LA PARDILLA,"C/ RAIMUNDO LULIO, 54",,35213,TELDE,GRAN CANARIA,Las Palmas,928-303074 y 928-303075,,35009681@gobiernodecanarias.org,http://www.cepateldelaherradura.es,Público,Docente,Público,-15.39374773,28.01354077,,35009681 - CEPA TELDE-LA HERRADURA,,,
35631105,UAPA,UAPA UAPA NEAE +21,"C/ MESONERO ROAMNO, 16",,35213,TELDE,GRAN CANARIA,Las Palmas,928-303074 y 928-303075,,35009681@gobiernodecanarias.org,http://www.cepateldelaherradura.es,Público,Docente,Público,,,,35009681 - CEPA TELDE-LA HERRADURA,,,
35631107,UAPA,UAPA CASAS NUEVAS,C/ DAIMLER S/N,,35214,TELDE,GRAN CANARIA,Las Palmas,928-303074 y 928-303075,,35009681@gobiernodecanarias.org,http://www.cepateldelaherradura.es,Público,Docente,Público,-15.38994530,27.99318387,,35009681 - CEPA TELDE-LA HERRADURA,,,
35631111,UAPA,UAPA VALSEQUILLO,"CALLE MAESTRO JOSÉ SANTANA, 4",,35217,VALSEQUILLO DE GRAN CANARIA,GRAN CANARIA,Las Palmas,928-303074 y 928-303075,,35009681@gobiernodecanarias.org,http://www.cepateldelaherradura.es,Público,Docente,Público,-15.49712926,27.99458078,,35009681 - CEPA TELDE-LA HERRADURA,,,318
35631212,UAPA,UAPA MARZAGÁN,"C/ PLAZA DEL CAMBULLONERO, 1.",,35229,LAS PALMAS DE GRAN CANARIA,GRAN CANARIA,Las Palmas,928-796151,,35009671@gobiernodecanarias.org,http://www.gobiernodecanarias.org/medusa/edublog/cepateldejinamar,Público,Docente,Público,-15.42841670,28.04183850,,35009671 - CEPA TELDE-JINÁMAR,,,
35631302,UAPA,UAPA LA HOYA (CARRIZAL),"AVDA. DE LA HOYA, S/N (AULAS CEPA)",,35240,INGENIO,GRAN CANARIA,Las Palmas,928-784214,928-126203,35008962@gobiernodecanarias.org,http://www3.gobiernodecanarias.org/medusa/edublog/cepaaguimesingenio,Público,Docente,Público,-15.41228358,27.91099251,,35008962 - CEPA AGÜIMES-INGENIO,,,
35631305,UAPA,UAPA CEIP BEÑESMÉN (CRUCE DE ARINAGA),"C/ GOFIO, S/N (CENTRO DE SERVICIOS SOCIALES)",,35118,AGÜIMES,GRAN CANARIA,Las Palmas,928-784214,928-126203,35008962@gobiernodecanarias.org,http://www3.gobiernodecanarias.org/medusa/edublog/cepaaguimesingenio,Público,Docente,Público,-15.42579601,27.87693907,,35008962 - CEPA AGÜIMES-INGENIO,,,
35631306,UAPA,UAPA CEIP 20 DE ENERO (CRUCE DE ARINAGA),"C/ ALMIRANTE ESCRIGAS, 2 (CEIP 20 DE ENERO)",,35118,AGÜIMES,GRAN CANARIA,Las Palmas,928-784214,928-126203,35008962@gobiernodecanarias.org,http://www3.gobiernodecanarias.org/medusa/edublog/cepaaguimesingenio,Público,Docente,Público,-15.39798387,27.85942728,,35008962 - CEPA AGÜIMES-INGENIO,,,
35631311,UAPA,UAPA AGÜIMES (CASA DEL MAESTRO),"C/ LUIS ARTILES CASTRO, 24",,35118,AGÜIMES,GRAN CANARIA,Las Palmas,928-784214,928-126203,35008962@gobiernodecanarias.org,http://www3.gobiernodecanarias.org/medusa/edublog/cepaaguimesingenio,Público,Docente,Público,-15.44570283,27.90699312,,35008962 - CEPA AGÜIMES-INGENIO,,,
35631313,UAPA,UAPA AULA DE SERVICIOS SOCIALES (CRUCE DE ARINAGA),C/ ANSITE 2,,35118,AGÜIMES,GRAN CANARIA,Las Palmas,928-784214,928-126203,35008962@gobiernodecanarias.org,http://www3.gobiernodecanarias.org/medusa/edublog/cepaaguimesingenio,Público,Docente,Público,-15.43149401,27.88044284,,35008962 - CEPA AGÜIMES-INGENIO,,,
35631402,UAPA,UAPA SANTA LUCÍA,"C/ MAESTRA CLARA PÉREZ, 16 (CEIP SANTA LUCÍA)",,35280,SANTA LUCÍA DE TIRAJANA,GRAN CANARIA,Las Palmas,928-753970 y 928-755744,928-755697,35008986@gobiernodecanarias.org,https://www3.gobiernodecanarias.org/medusa/edublog/cepasantaluciadetirajana/,Público,Docente,Público,-15.54081393,27.91117543,,35008986 - CEPA SANTA LUCÍA DE TIRAJANA,,,
35631403,UAPA,UAPA EL CANARIO,"C/ CANALEJAS, 21 (CEIP EL CANARIO)",,35110,SANTA LUCÍA DE TIRAJANA,GRAN CANARIA,Las Palmas,928-753970 y 928-755744,928-755697,35008986@gobiernodecanarias.org,https://www3.gobiernodecanarias.org/medusa/edublog/cepasantaluciadetirajana/,Público,Docente,Público,-15.43610815,27.85686373,,35008986 - CEPA SANTA LUCÍA DE TIRAJANA,,,
35631404,UAPA,UAPA EL CRUCE - LOS LLANOS,"C/ FERNANDO GUANARTEME, S/N",,35110,SANTA LUCÍA DE TIRAJANA,GRAN CANARIA,Las Palmas,928-753970 y 928-755744,928-755697,35008986@gobiernodecanarias.org,https://www3.gobiernodecanarias.org/medusa/edublog/cepasantaluciadetirajana/,Público,Docente,Público,-15.44036126,27.85609619,,35008986 - CEPA SANTA LUCÍA DE TIRAJANA,,,
35631405,UAPA,UAPA POZO IZQUIERDO,"PZA. DE POZO IZQUIERDO, S/N (ASOCIACIÓN DE VECINOS)",,35110,SANTA LUCÍA DE TIRAJANA,GRAN CANARIA,Las Palmas,928-753970 y 928-755744,928-755697,35008986@gobiernodecanarias.org,https://www3.gobiernodecanarias.org/medusa/edublog/cepasantaluciadetirajana/,Público,Docente,Público,-15.42465686,27.82462870,,35008986 - CEPA SANTA LUCÍA DE TIRAJANA,,,
35631406,UAPA,UAPA ANSITE,"C/ ANDAMANA, 17 (CEIP ANSITE)",,35110,SANTA LUCÍA DE TIRAJANA,GRAN CANARIA,Las Palmas,928-753970 y 928-755744,928-755697,35008986@gobiernodecanarias.org,https://www3.gobiernodecanarias.org/medusa/edublog/cepasantaluciadetirajana/,Público,Docente,Público,-15.4505026,27.83897269,,35008986 - CEPA SANTA LUCÍA DE TIRAJANA,,,
35631408,UAPA,UAPA SARDINA,"C/ HARIMAGUADA, 16",,35110,SANTA LUCÍA DE TIRAJANA,GRAN CANARIA,Las Palmas,928-753970 y 928-755744,928-755697,35008986@gobiernodecanarias.org,https://www3.gobiernodecanarias.org/medusa/edublog/cepasantaluciadetirajana/,Público,Docente,Público,-15.46614717,27.85032070,,35008986 - CEPA SANTA LUCÍA DE TIRAJANA,,,
35631409,UAPA,UAPA CASA PASTORES,"C/ RUIZ DE ALARCÓN, S/N (CEIP CASA PASTORES)",,35110,SANTA LUCÍA DE TIRAJANA,GRAN CANARIA,Las Palmas,928-753970 y 928-755744,928-755697,35008986@gobiernodecanarias.org,https://www3.gobiernodecanarias.org/medusa/edublog/cepasantaluciadetirajana/,Público,Docente,Público,-15.45272540,27.85269077,,35008986 - CEPA SANTA LUCÍA DE TIRAJANA,,,
35631410,UAPA,UAPA LA ORILLA,"C/ VASCO DE GAMA, S/N (CEIP CAMINO DE LA MADERA)",,35110,SANTA LUCÍA DE TIRAJANA,GRAN CANARIA,Las Palmas,928-753970 y 928-755744,928-755697,35008986@gobiernodecanarias.org,https://www3.gobiernodecanarias.org/medusa/edublog/cepasantaluciadetirajana/,Público,Docente,Público,-15.45909173,27.84104045,,35008986 - CEPA SANTA LUCÍA DE TIRAJANA,,,
35631501,UAPA,UAPA CASTILLO ROMERAL,"C/ BENECHARO, S/N",,35107,SAN BARTOLOMÉ DE TIRAJANA,GRAN CANARIA,Las Palmas,928-479699,,35009656@gobiernodecanarias.org,http://www.cepasanbartolome.com,Público,Docente,Público,-15.45943842,27.80044331,,35009656 - CEPA SAN BARTOLOMÉ DE TIRAJANA,,,
35631502,UAPA,UAPA TABLERO MASPALOMAS (IES),C/ BRASIL Nº70,,35109,SAN BARTOLOMÉ DE TIRAJANA,GRAN CANARIA,Las Palmas,928-479699,,35009656@gobiernodecanarias.org,http://www.cepasanbartolome.com,Público,Docente,Público,-15.60621782,27.77425759,,35009656 - CEPA SAN BARTOLOMÉ DE TIRAJANA,,,
35631600,UAPA,UAPA CEO MOGÁN,"C/ LOS MONTISCOS, S/N (CEO MOGÁN)",,35140,MOGÁN,GRAN CANARIA,Las Palmas,928-578478,,35009620@gobiernodecanarias.org,http://www.gobiernodecanarias.org/medusa/edublog/cepamogan,Público,Docente,Público,,,,35009620 - CEPA MOGÁN,,,
35631601,UAPA,UAPA CENTRO JUVENIL MOGÁN,"CTRA. GENERAL, 7 (CEIP PLAYA DE MOGÁN)",,35138,MOGÁN,GRAN CANARIA,Las Palmas,928-578478,,35009620@gobiernodecanarias.org,http://www.gobiernodecanarias.org/medusa/edublog/cepamogan,Público,Docente,Público,,,,35009620 - CEPA MOGÁN,,,
35631602,UAPA,UAPA CENTRO JUVENIL MOTOR GRANDE,"C/ MOTOR GRANDE, 32 (CEIP PUERTO RICO)",,35130,MOGÁN,GRAN CANARIA,Las Palmas,928-578478,,35009620@gobiernodecanarias.org,http://www.gobiernodecanarias.org/medusa/edublog/cepamogan,Público,Docente,Público,,,,35009620 - CEPA MOGÁN,,,
35631701,UAPA,UAPA LOS CARDONES (IES),AVENIDA LOS CARDONES S/N,,35470,LA ALDEA DE SAN NICOLÁS,GRAN CANARIA,Las Palmas,928-892485,928-892485,35010026@gobiernodecanarias.org,,Público,Docente,Público,-15.78178455,27.97976159,,35010026 - CEPA LA ALDEA,,,
35631702,UAPA,UAPA LA PLAZA,C/ REAL Nº 33,,35470,LA ALDEA DE SAN NICOLÁS,GRAN CANARIA,Las Palmas,928-892485,928-892485,35010026@gobiernodecanarias.org,,Público,Docente,Público,-15.78062132,27.98506700,,35010026 - CEPA LA ALDEA,,,
38005157,CEIP,CEIP JOSÉ PÉREZ RODRÍGUEZ,"C/ LOS BANQUITOS, 26",IGUESTE DE SAN ANDRÉS,38140,SANTA CRUZ DE TENERIFE,TENERIFE,Santa Cruz de Tenerife,922-474101,,38005157@gobiernodecanarias.org,http://www3.gobiernodecanarias.org/medusa/edublog/ceranaga/,Público,Docente,Público,-16.155723967373,28.525768917492,38010131 IES SAN ANDRÉS,,38702511 - E.O.E.P. ANAGA,38706028,711
38008079,CEIP,CEIP SAN JOSÉ,"AVDA. EL PUERTITO, 65",SAN JOSÉ,38435,LOS SILOS,TENERIFE,Santa Cruz de Tenerife,922-477758,,38008079@gobiernodecanarias.org,http://www3.gobiernodecanarias.org/medusa/edublog/ceipsanjoselossilos/,Público,Docente,Público,-16.816872,28.372278,38010803 IES DAUTE-LOS SILOS,,38702577 - E.O.E.P. YCODEN-DAUTE,38706701,701
38015151,CAMGE,CAMGE NURYANA,"CAMINO SAN FRANCISCO DE PAULA, 72",,38296,SAN CRISTÓBAL DE LA LAGUNA,TENERIFE,Santa Cruz de Tenerife,922-257482 y 922-630313,922-630289,info@e-increscendo.com,http://www.e-increscendo.com,Privado,Docente,Sin niveles concertados,-16.323482,28.478811,,,,,719
38016076,CPEI,CPEI PARQUE LA LAGUNA,"C/ MARCOS REDONDO, 1",SAN CRISTÓBAL DE LA LAGUNA,38208,SAN CRISTÓBAL DE LA LAGUNA,TENERIFE,Santa Cruz de Tenerife,922-634826,,parquelalaguna@parquelalaguna.es,,Privado,Docente,Sin niveles concertados,-16.3222906739999,28.4930523190001,,,38702573 - E.O.E.P. SAN BENITO,,711
38017007,CPEI,CPEI HERMANO PEDRO,C/ LOS MOLINOS ESQ C/ EL CANARIO,VILAFLOR,38613,VILAFLOR DE CHASNA,TENERIFE,Santa Cruz de Tenerife,679-933155,,gestionesinfantiles@gmail.com,,Privado,Docente,Sin niveles concertados,-16.6366369,28.1581788,,,,,722
38017706,EEI,EEI SANTIAGO DEL TEIDE,"C/ PÁRROCO ANTONIO PÉREZ GARCÍA, S/N",,38690,SANTIAGO DEL TEIDE,TENERIFE,Santa Cruz de Tenerife,922-863127,,educacion@santiagodelteide.es,,Público,Docente,Público,,,,,,,727
38017718,CPEI,CPEI MISAMORES,"C/ Retamar, 22",,38760,LOS LLANOS DE ARIDANE,LA PALMA,Santa Cruz de Tenerife,689-709850,,misamores.cpei@gmail.com,,Privado,Docente,Sin niveles concertados,-17.906518869830812,28.658775768500064,,,,,602
38017721,EEI,EEI LA VICTORIA DE ACENTEJO,"C/ Santo Domingo, 70",,38380,LA VICTORIA DE ACENTEJO,TENERIFE,Santa Cruz de Tenerife,922-581442 y 922-580031,,discapacidad@lavictoriadeacentejo.es,,Público,Docente,Público,-16.473610509552454,28.437129486532005,,,,,707
38017743,EEI,EEI CLARA CAMPOAMOR,"C/ PRIMERO DE MAYO, S/N",,38770,TAZACORTE,LA PALMA,Santa Cruz de Tenerife,,,,,Público,Docente,Público,,,,,,,602
38640100,UAPA,UAPA SAN SEBASTIÁN (TERCERA EDAD),C/ VIRGEN DE GUADALUPE (3ª EDAD IBALLA),,38800,SAN SEBASTIÁN DE LA GOMERA,LA GOMERA,Santa Cruz de Tenerife,922-592717 y 922-592718,922-592719,38009618@gobiernodecanarias.org,http://www3.gobiernodecanarias.org/medusa/edublog/cepalagomera,Público,Docente,Público,-17.11052220,28.09247622,,38009618 - CEPA LA GOMERA,,,
38640101,UAPA,UAPA SAN SEBASTIÁN (IES),AVDA. JOSÉ AGUIAR S/N,,38800,SAN SEBASTIÁN DE LA GOMERA,LA GOMERA,Santa Cruz de Tenerife,922-592717 y 922-592718,922-592719,38009618@gobiernodecanarias.org,http://www3.gobiernodecanarias.org/medusa/edublog/cepalagomera,Público,Docente,Público,-17.11635717,28.09750769,,38009618 - CEPA LA GOMERA,,,
38640102,UAPA,UAPA MARIO LHERMET (CEO),"CTRA. GENERAL, 141",,38820,HERMIGUA,LA GOMERA,Santa Cruz de Tenerife,922-592717 y 922-592718,922-592719,38009618@gobiernodecanarias.org,http://www3.gobiernodecanarias.org/medusa/edublog/cepalagomera,Público,Docente,Público,-17.19704315,28.16599183,,38009618 - CEPA LA GOMERA,,,
38640105,UAPA,UAPA DIAGE LA GOMERA,"C/ PLAZA DE LAS AMÉRICAS, 2",,38800,SAN SEBASTIÁN DE LA GOMERA,LA GOMERA,Santa Cruz de Tenerife,922-592717 y 922-592718,922-592719,38009618@gobiernodecanarias.org,http://www3.gobiernodecanarias.org/medusa/edublog/cepalagomera,Público,Docente,Público,,,,38009618 - CEPA LA GOMERA,,,
38640111,UAPA,UAPA VALLE GRAN REY,"BORBALÁN, S/N (CEO NEREIDA DÍAZ ABREU)",,38870,VALLE GRAN REY,LA GOMERA,Santa Cruz de Tenerife,922-592717 y 922-592718,922-592719,38009618@gobiernodecanarias.org,http://www3.gobiernodecanarias.org/medusa/edublog/cepalagomera,Público,Docente,Público,-17.33553973,28.08883320,,38009618 - CEPA LA GOMERA,,,
38640113,UAPA,UAPA TERCERA EDAD VALLEHERMOSO,"C/ LA VEGUETA, S/N",,38840,VALLEHERMOSO,LA GOMERA,Santa Cruz de Tenerife,922-592717 y 922-592718,922-592719,38009618@gobiernodecanarias.org,http://www3.gobiernodecanarias.org/medusa/edublog/cepalagomera,Público,Docente,Público,,,,38009618 - CEPA LA GOMERA,,,
38640117,UAPA,UAPA SANTIAGO APOSTOL (CEO),CARRETERA GENERAL ALAJERÓ S/N,,38810,ALAJERÓ,LA GOMERA,Santa Cruz de Tenerife,922-592717 y 922-592718,922-592719,38009618@gobiernodecanarias.org,http://www3.gobiernodecanarias.org/medusa/edublog/cepalagomera,Público,Docente,Público,-17.20041184,28.03174334,,38009618 - CEPA LA GOMERA,,,
38640119,UAPA,UAPA FINCA CRUZ CHIQUITA,"CTRA. GRAL. DE HERMIGUA, S/N",,38800,SAN SEBASTIÁN DE LA GOMERA,LA GOMERA,Santa Cruz de Tenerife,922-592717 y 922-592718,922-592719,38009618@gobiernodecanarias.org,http://www3.gobiernodecanarias.org/medusa/edublog/cepalagomera,Público,Docente,Público,-17.12635158,28.10923401,,38009618 - CEPA LA GOMERA,,,
38650105,UAPA,UAPA VALVERDE (EOI),"CALLE TRINISTA, 2",,38900,VALVERDE,EL HIERRO,Santa Cruz de Tenerife,922-923382,,38009631@gobiernodecanarias.org,https://www3.gobiernodecanarias.org/medusa/edublog/cepavalverde/,Público,Docente,Público,-17.91596384,27.81348800,,38009631 - CEPA VALVERDE,,,
38660101,UAPA,UAPA LOS LLANOS DE ARIDANE,"C/ EUSEBIO BARRETO, 36",,38760,LOS LLANOS DE ARIDANE,LA PALMA,Santa Cruz de Tenerife,922-174289,922-416628,38009621@gobiernodecanarias.org,http://www.cepaguayafanta.org,Público,Docente,Público,-17.90143264,28.65788249,,38009621 - CEPA GUAYAFANTA,,,
38660105,UAPA,UAPA BREÑA ALTA,"C/ ATLÁNTIDA, 8",,38710,BREÑA ALTA,LA PALMA,Santa Cruz de Tenerife,922-174289,922-416628,38009621@gobiernodecanarias.org,http://www.cepaguayafanta.org,Público,Docente,Público,-17.78798781,28.66242101,,38009621 - CEPA GUAYAFANTA,,,
38660108,UAPA,UAPA LOS SAUCES,"C/ VICENTE SAN JUAN, 4",,38720,SAN ANDRÉS Y SAUCES,LA PALMA,Santa Cruz de Tenerife,922-174289,922-416628,38009621@gobiernodecanarias.org,http://www.cepaguayafanta.org,Público,Docente,Público,,,,38009621 - CEPA GUAYAFANTA,,,
38660115,UAPA,UAPA TIJARAFE,C/ ACCESO AL COLEGIO S/N. CASA DE LA CULTURA JOSÉ L. LORENZO BARRETO,,38780,TIJARAFE,LA PALMA,Santa Cruz de Tenerife,922-174289,922-416628,38009621@gobiernodecanarias.org,http://www.cepaguayafanta.org,Público,Docente,Público,-17.95552835,28.71079484,,38009621 - CEPA GUAYAFANTA,,,
38670100,UAPA,UAPA LA GUANCHA,"AVDA HIPÓLITO SINFORIANO, PLAZA DE LAS FERIAS, S/N",,38440,LA GUANCHA,TENERIFE,Santa Cruz de Tenerife,922-478766,,38011741@gobiernodecanarias.org,http://www3.gobiernodecanarias.org/medusa/edublog/cepaicoddelosvinos,Público,Docente,Público,-16.71141525,28.37483862,,38011741 - CEPA YCODAUTE,,,
38670103,UAPA,UAPA LA CALETA,"C/ LOS SILOS, 9",,38460,LOS SILOS,TENERIFE,Santa Cruz de Tenerife,922-478766,,38011741@gobiernodecanarias.org,http://www3.gobiernodecanarias.org/medusa/edublog/cepaicoddelosvinos,Público,Docente,Público,-16.79514151,28.37555591,,38011741 - CEPA YCODAUTE,,,
38670106,UAPA,UAPA BUENAVISTA DEL NORTE (IES),"ANTONIO CAMEJO FRANCISCO, 3",,38480,BUENAVISTA DEL NORTE,TENERIFE,Santa Cruz de Tenerife,922-478766,,38011741@gobiernodecanarias.org,http://www3.gobiernodecanarias.org/medusa/edublog/cepaicoddelosvinos,Público,Docente,Público,-16.84556355,28.37095745,,38011741 - CEPA YCODAUTE,,,
38670108,UAPA,UAPA EL TANQUE (IES),"C/ MIGUEL DE CERVANTES, S/N",,38435,EL TANQUE,TENERIFE,Santa Cruz de Tenerife,922-478766,,38011741@gobiernodecanarias.org,http://www3.gobiernodecanarias.org/medusa/edublog/cepaicoddelosvinos,Público,Docente,Público,-16.77516068,28.35590845,,38011741 - CEPA YCODAUTE,,,
38670300,UAPA,UAPA LA VERA,"CEIP Juan Cruz Ruiz. Camino Carril, 63",,38400,PUERTO DE LA CRUZ,TENERIFE,Santa Cruz de Tenerife,922-478843,,38009023@gobiernodecanarias.org,http://www.gobiernodecanarias.org/medusa/edublog/cepapuertodelacruz,Público,Docente,Público,-16.55254282,28.39626249,,38009023 - CEPA PUERTO DE LA CRUZ,,,
38670301,UAPA,UAPA LOS REALEJOS (IES),"C/ DEL ADELANTADO, 2 (IES REALEJOS)",,38410,LOS REALEJOS,TENERIFE,Santa Cruz de Tenerife,922-478843,,38009023@gobiernodecanarias.org,http://www.gobiernodecanarias.org/medusa/edublog/cepapuertodelacruz,Público,Docente,Público,-16.58341971,28.38306279,,38009023 - CEPA PUERTO DE LA CRUZ,,,
38670307,UAPA,UAPA LA OROTAVA,C/ EDUCADORA LUCÍA DE MESA S/N URB. LA TORRITA,,38300,LA OROTAVA,TENERIFE,Santa Cruz de Tenerife,922-478843,,38009023@gobiernodecanarias.org,http://www.gobiernodecanarias.org/medusa/edublog/cepapuertodelacruz,Público,Docente,Público,-16.52173635,28.38920239,,38009023 - CEPA PUERTO DE LA CRUZ,,,
38670310,UAPA,UAPA SANTA URSULA (IES),"C/ ALCALDE DOMINGO GUTIÉRREZ, 1 (IES SANTA ÚRSULA)",,38390,SANTA ÚRSULA,TENERIFE,Santa Cruz de Tenerife,922-478843,,38009023@gobiernodecanarias.org,http://www.gobiernodecanarias.org/medusa/edublog/cepapuertodelacruz,Público,Docente,Público,-16.50042979,28.42019095,,38009023 - CEPA PUERTO DE LA CRUZ,,,
38670311,UAPA,UAPA LA CORUJERA,"C/ Guanche, 51. Plaza de San Bartolomé de la Corujera",,38390,SANTA ÚRSULA,TENERIFE,Santa Cruz de Tenerife,922-478843,,38009023@gobiernodecanarias.org,http://www.gobiernodecanarias.org/medusa/edublog/cepapuertodelacruz,Público,Docente,Público,-16.49280757,28.41550613,,38009023 - CEPA PUERTO DE LA CRUZ,,,
38670312,UAPA,UAPA SANTA URSULA II,C/ RAMBLA DR. PÉREZ 3 PLANTA ALTA,,38390,SANTA ÚRSULA,TENERIFE,Santa Cruz de Tenerife,922-478843,,38009023@gobiernodecanarias.org,http://www.gobiernodecanarias.org/medusa/edublog/cepapuertodelacruz,Público,Docente,Público,-16.49099880,28.42594297,,38009023 - CEPA PUERTO DE LA CRUZ,,,
38670318,UAPA,UAPA ICOD EL ALTO (CEO),CARRETERA GENERAL S/N (CEO LA PARED),,38414,LOS REALEJOS,TENERIFE,Santa Cruz de Tenerife,922-478843,,38009023@gobiernodecanarias.org,http://www.gobiernodecanarias.org/medusa/edublog/cepapuertodelacruz,Público,Docente,Público,-16.61470577,28.38235578,,38009023 - CEPA PUERTO DE LA CRUZ,,,
38670320,UAPA,UAPA LAS LLANADAS,CARRETERA LAS LLANADAS 19,,38415,LOS REALEJOS,TENERIFE,Santa Cruz de Tenerife,922-478843,,38009023@gobiernodecanarias.org,http://www.gobiernodecanarias.org/medusa/edublog/cepapuertodelacruz,Público,Docente,Público,-16.56737176,28.35666389,,38009023 - CEPA PUERTO DE LA CRUZ,,,
38670323,UAPA,UAPA PINOLERE,"C/ GERMINAL, NÚM. 2",,38310,LA OROTAVA,TENERIFE,Santa Cruz de Tenerife,922-478843,,38009023@gobiernodecanarias.org,http://www.gobiernodecanarias.org/medusa/edublog/cepapuertodelacruz,Público,Docente,Público,-16.50020104,28.37822174,,38009023 - CEPA PUERTO DE LA CRUZ,,,
38670325,UAPA,UAPA SANTA URSULA III,"CAMINO ANTIGUO Nº 4, CUESTA DE LA VILLA",,38390,SANTA ÚRSULA,TENERIFE,Santa Cruz de Tenerife,922-478843,,38009023@gobiernodecanarias.org,http://www.gobiernodecanarias.org/medusa/edublog/cepapuertodelacruz,Público,Docente,Público,,,,38009023 - CEPA PUERTO DE LA CRUZ,,,
38670401,UAPA,UAPA RAVELO,"C/ REAL OROTAVA, 160",,38359,EL SAUZAL,TENERIFE,Santa Cruz de Tenerife,922-760300,,38011111@gobiernodecanarias.org,http://www.gobiernodecanarias.org/medusa/edublog/cepaacentejotacoronte,Público,Docente,Público,-16.42199898,28.46101049,,38011111 - CEPA ACENTEJO-TACORONTE,,,
38670402,UAPA,UAPA AGUA GARCÍA,"C/ CECILIO MARRERO, 8",,38355,TACORONTE,TENERIFE,Santa Cruz de Tenerife,922-760300,,38011111@gobiernodecanarias.org,http://www.gobiernodecanarias.org/medusa/edublog/cepaacentejotacoronte,Público,Docente,Público,-16.40300154,28.46670929,,38011111 - CEPA ACENTEJO-TACORONTE,,,
38670411,UAPA,UAPA SAN ANTONIO,C/ LA RESBALA S/N,,38370,LA MATANZA DE ACENTEJO,TENERIFE,Santa Cruz de Tenerife,922-760300,,38011111@gobiernodecanarias.org,http://www.gobiernodecanarias.org/medusa/edublog/cepaacentejotacoronte,Público,Docente,Público,-16.4517969,28.44590581,,38011111 - CEPA ACENTEJO-TACORONTE,,,
38670417,UAPA,UAPA LA MATANZA - CASCO,"C/ SAN JOSÉ, Nº 70",,38370,LA MATANZA DE ACENTEJO,TENERIFE,Santa Cruz de Tenerife,922-760300,,38011111@gobiernodecanarias.org,http://www.gobiernodecanarias.org/medusa/edublog/cepaacentejotacoronte,Público,Docente,Público,-16.45273194,28.45406758,,38011111 - CEPA ACENTEJO-TACORONTE,,,
38670419,UAPA,UAPA LA VERA,"C/ LA VERA, 61",,38389,LA VICTORIA DE ACENTEJO,TENERIFE,Santa Cruz de Tenerife,922-760300,,38011111@gobiernodecanarias.org,http://www.gobiernodecanarias.org/medusa/edublog/cepaacentejotacoronte,Público,Docente,Público,-16.46899965,28.42666043,,38011111 - CEPA ACENTEJO-TACORONTE,,,
38670420,UAPA,UAPA LA VICTORIA,"C/ JEREZ VEGUERO, Nº12. CASA DE LA JUVENTUD",,38379,LA VICTORIA DE ACENTEJO,TENERIFE,Santa Cruz de Tenerife,922-760300,,38011111@gobiernodecanarias.org,http://www.gobiernodecanarias.org/medusa/edublog/cepaacentejotacoronte,Público,Docente,Público,-16.47117879,28.43420839,,38011111 - CEPA ACENTEJO-TACORONTE,,,
38670421,UAPA,UAPA LOS ARROYOS,"C/ LOS ARROYOS, S/N",,38380,LA VICTORIA DE ACENTEJO,TENERIFE,Santa Cruz de Tenerife,922-760300,,38011111@gobiernodecanarias.org,http://www.gobiernodecanarias.org/medusa/edublog/cepaacentejotacoronte,Público,Docente,Público,-16.45943002,28.42942447,,38011111 - CEPA ACENTEJO-TACORONTE,,,
38670500,UAPA,UAPA TEJINA (EL PICO),"EL PICO, TEJINA",,38260,SAN CRISTÓBAL DE LA LAGUNA,TENERIFE,Santa Cruz de Tenerife,922-760423,,38011108@gobiernodecanarias.org,http://www.cepanordestetenerife.org,Público,Docente,Público,-16.36254988,28.52573569,,38011108 - CEPA COMARCA NORDESTE DE TENERIFE,,,
38670501,UAPA,UAPA PUNTA DEL HIDALGO,CTRA. GENERAL S/N (CENTRO CULTURAL),,38240,SAN CRISTÓBAL DE LA LAGUNA,TENERIFE,Santa Cruz de Tenerife,922-760423,,38011108@gobiernodecanarias.org,http://www.cepanordestetenerife.org,Público,Docente,Público,-16.32774894,28.56886203,,38011108 - CEPA COMARCA NORDESTE DE TENERIFE,,,
38670502,UAPA,UAPA EL BATÁN,CENTRO CULTURAL DE EL BATÁN - LA LAGUNA,,38294,SAN CRISTÓBAL DE LA LAGUNA,TENERIFE,Santa Cruz de Tenerife,922-760423,,38011108@gobiernodecanarias.org,http://www.cepanordestetenerife.org,Público,Docente,Público,-16.29586787,28.54811449,,38011108 - CEPA COMARCA NORDESTE DE TENERIFE,,,
38670503,UAPA,UAPA GUAMASA,"CAMINO SANTA ROSA, S/N (CEIP SANTA ROSA DE LIMA)",,38330,SAN CRISTÓBAL DE LA LAGUNA,TENERIFE,Santa Cruz de Tenerife,922-760423,,38011108@gobiernodecanarias.org,http://www.cepanordestetenerife.org,Público,Docente,Público,-16.37176716,28.49424533,,38011108 - CEPA COMARCA NORDESTE DE TENERIFE,,,
38670504,UAPA,UAPA VALLE DE GUERRA (CENTRO CIUDADANOS),C/ JUAN FERNÁNDEZ S/N (IES VALLE DE GUERRA),,38270,SAN CRISTÓBAL DE LA LAGUNA,TENERIFE,Santa Cruz de Tenerife,922-760423,,38011108@gobiernodecanarias.org,http://www.cepanordestetenerife.org,Público,Docente,Público,-16.39021848,28.52150975,,38011108 - CEPA COMARCA NORDESTE DE TENERIFE,,,
38670506,UAPA,UAPA EL PORTEZUELO,CTRA. GENERAL DE EL SOCORRO (CEIP PORTEZUELO),,38297,TEGUESTE,TENERIFE,Santa Cruz de Tenerife,922-760423,,38011108@gobiernodecanarias.org,http://www.cepanordestetenerife.org,Público,Docente,Público,-16.35375547,28.49335578,,38011108 - CEPA COMARCA NORDESTE DE TENERIFE,,,
38670507,UAPA,UAPA PEDRO ÁLVAREZ,"C/ EL MEDIO, 3 (CENTRO CULTURAL DE PEDRO ALVAREZ)",,38292,TEGUESTE,TENERIFE,Santa Cruz de Tenerife,922-760423,,38011108@gobiernodecanarias.org,http://www.cepanordestetenerife.org,Público,Docente,Público,-16.31660805,28.52054738,,38011108 - CEPA COMARCA NORDESTE DE TENERIFE,,,
38670508,UAPA,UAPA TEGUESTE (CENTRO CIUDADANOS),"C/ CALVO SOTELO, 7 (CENTRO CULTURAL PRÍNCIPE FELIPE)",,38280,TEGUESTE,TENERIFE,Santa Cruz de Tenerife,922-760423,,38011108@gobiernodecanarias.org,http://www.cepanordestetenerife.org,Público,Docente,Público,-16.33753941,28.52296,,38011108 - CEPA COMARCA NORDESTE DE TENERIFE,,,
38670510,UAPA,UAPA CARBONERAS (CEIP),LAS CARBONERAS,,38294,SAN CRISTÓBAL DE LA LAGUNA,TENERIFE,Santa Cruz de Tenerife,922-760423,,38011108@gobiernodecanarias.org,http://www.cepanordestetenerife.org,Público,Docente,Público,-16.27687645,28.55416841,,38011108 - CEPA COMARCA NORDESTE DE TENERIFE,,,
38670511,UAPA,UAPA ROQUE NEGRO,"PLAZA NUESTRA SEÑORA DE FÁTIMA, S/N",,38139,SANTA CRUZ DE TENERIFE,TENERIFE,Santa Cruz de Tenerife,922-760423,,38011108@gobiernodecanarias.org,http://www.cepanordestetenerife.org,Público,Docente,Público,-16.24681511,28.54323825,,38011108 - CEPA COMARCA NORDESTE DE TENERIFE,,,
38670603,UAPA,UAPA LA CUESTA,"PZA. EL TRANVÍA, 5",,38320,SAN CRISTÓBAL DE LA LAGUNA,TENERIFE,Santa Cruz de Tenerife,922-423706,,38009060@gobiernodecanarias.org,http://www.gobiernodecanarias.org/medusa/edublog/cepasancristobal,Público,Docente,Público,-16.28610927,28.46865220,,38009060 - CEPA SAN CRISTÓBAL,,,
38670617,UAPA,UAPA FINCA PACHO,"PARQUE FINCA PACHO. C/ OBISPO LUIS FOLGUERAS, S/N",,38296,SAN CRISTÓBAL DE LA LAGUNA,TENERIFE,Santa Cruz de Tenerife,922-423706,,38009060@gobiernodecanarias.org,http://www.gobiernodecanarias.org/medusa/edublog/cepasancristobal,Público,Docente,Público,-16.30367904,28.44886301,,38009060 - CEPA SAN CRISTÓBAL,,,
38670623,UAPA,UAPA GENETO,CAMINO SAN MIGUEL DE GENETO Nº 184,,38296,SAN CRISTÓBAL DE LA LAGUNA,TENERIFE,Santa Cruz de Tenerife,922-423706,,38009060@gobiernodecanarias.org,http://www.gobiernodecanarias.org/medusa/edublog/cepasancristobal,Público,Docente,Público,-16.31489290,28.45813384,,38009060 - CEPA SAN CRISTÓBAL,,,
38670629,UAPA,UAPA VERDELLADA NUEVA,C/LA FLORESTA Nº 9,,38203,SAN CRISTÓBAL DE LA LAGUNA,TENERIFE,Santa Cruz de Tenerife,922-423706,,38009060@gobiernodecanarias.org,http://www.gobiernodecanarias.org/medusa/edublog/cepasancristobal,Público,Docente,Público,-16.31102103,28.48150764,,38009060 - CEPA SAN CRISTÓBAL,,,
38670631,UAPA,UAPA LA LAGUNA (CASCO),"C/ SEIS DE DICIEMBRE Nº 28, LOCAL 9",,38203,SAN CRISTÓBAL DE LA LAGUNA,TENERIFE,Santa Cruz de Tenerife,922-423706,,38009060@gobiernodecanarias.org,http://www.gobiernodecanarias.org/medusa/edublog/cepasancristobal,Público,Docente,Público,-16.32095062,28.48819056,,38009060 - CEPA SAN CRISTÓBAL,,,
38670700,UAPA,UAPA AÑAZA,"C/ PARARELA GABINO JIMÉNEZ, S/N",,38109,SANTA CRUZ DE TENERIFE,TENERIFE,Santa Cruz de Tenerife,922-478796,,38009035@gobiernodecanarias.org,https://www3.gobiernodecanarias.org/medusa/edublog/cepafaroladesantacruz/,Público,Docente,Público,-16.30374391,28.42108126,,38009035 - CEPA FAROLA DE SANTA CRUZ,,,
38670701,UAPA,UAPA LOS GLADIOLOS,"C/ ÁNGEL GANIVET, 4",,38007,SANTA CRUZ DE TENERIFE,TENERIFE,Santa Cruz de Tenerife,922-478796,,38009035@gobiernodecanarias.org,https://www3.gobiernodecanarias.org/medusa/edublog/cepafaroladesantacruz/,Público,Docente,Público,-16.26882247,28.46032323,,38009035 - CEPA FAROLA DE SANTA CRUZ,,,
38670703,UAPA,UAPA BARRIO DE LA SALUD,"C/ BARTOLOMÉ CIFRA, S/N",,38008,SANTA CRUZ DE TENERIFE,TENERIFE,Santa Cruz de Tenerife,922-478796,,38009035@gobiernodecanarias.org,https://www3.gobiernodecanarias.org/medusa/edublog/cepafaroladesantacruz/,Público,Docente,Público,-16.27789497,28.46996873,,38009035 - CEPA FAROLA DE SANTA CRUZ,,,
38670704,UAPA,UAPA SANTA CRUZ (BARRANCO SANTOS),"C/ AGUERE, 6",,38005,SANTA CRUZ DE TENERIFE,TENERIFE,Santa Cruz de Tenerife,922-478796,,38009035@gobiernodecanarias.org,https://www3.gobiernodecanarias.org/medusa/edublog/cepafaroladesantacruz/,Público,Docente,Público,-16.25313305,28.46465958,,38009035 - CEPA FAROLA DE SANTA CRUZ,,,
38670705,UAPA,UAPA ISIDRO,"AVDA ALCALDE GARCÍA RAMOS, S/N",,38007,SANTA CRUZ DE TENERIFE,TENERIFE,Santa Cruz de Tenerife,922-478796,,38009035@gobiernodecanarias.org,https://www3.gobiernodecanarias.org/medusa/edublog/cepafaroladesantacruz/,Público,Docente,Público,,,,38009035 - CEPA FAROLA DE SANTA CRUZ,,,
38670707,UAPA,UAPA SAGRADA FAMILIA,"C/ PEDRO DOBLADO CLAVERIE, 34 (AULA ACOGIDA PROYECTO HOMBRE)",,38010,SANTA CRUZ DE TENERIFE,TENERIFE,Santa Cruz de Tenerife,922-478796,,38009035@gobiernodecanarias.org,https://www3.gobiernodecanarias.org/medusa/edublog/cepafaroladesantacruz/,Público,Docente,Público,,,,38009035 - CEPA FAROLA DE SANTA CRUZ,,,
38670710,UAPA,UAPA VALLESECO,"C/ JOSÉ BATÁN, 16",,38150,SANTA CRUZ DE TENERIFE,TENERIFE,Santa Cruz de Tenerife,922-478796,,38009035@gobiernodecanarias.org,https://www3.gobiernodecanarias.org/medusa/edublog/cepafaroladesantacruz/,Público,Docente,Público,-16.23750688,28.48672929,,38009035 - CEPA FAROLA DE SANTA CRUZ,,,
38670711,UAPA,UAPA LAS HESPÉRIDES (IES),"C/ PROLONGACIÓN AREJO, 2",,38107,SANTA CRUZ DE TENERIFE,TENERIFE,Santa Cruz de Tenerife,922-478796,,38009035@gobiernodecanarias.org,https://www3.gobiernodecanarias.org/medusa/edublog/cepafaroladesantacruz/,Público,Docente,Público,-16.31749376,28.43688032,,38009035 - CEPA FAROLA DE SANTA CRUZ,,,
38670713,UAPA,UAPA NEAE+21,"C/ GARA Y JONAY, S/N",,38010,SANTA CRUZ DE TENERIFE,TENERIFE,Santa Cruz de Tenerife,922-478796,,38009035@gobiernodecanarias.org,https://www3.gobiernodecanarias.org/medusa/edublog/cepafaroladesantacruz/,Público,Docente,Público,-16.28183783,28.44971522,,38009035 - CEPA FAROLA DE SANTA CRUZ,,,
38670715,UAPA,UAPA LEONCIO RODRÍGUEZ,"Francisco Rodríguez Machado, s/n (Edificio del CEO Leoncio Rodríguez)",,38290,EL ROSARIO,TENERIFE,Santa Cruz de Tenerife,922-478796,,38009035@gobiernodecanarias.org,https://www3.gobiernodecanarias.org/medusa/edublog/cepafaroladesantacruz/,Público,Docente,Público,,,,38009035 - CEPA FAROLA DE SANTA CRUZ,,,
38670802,UAPA,UAPA LA JACA,"C/ SAN JOSÉ, 14",,38588,ARICO,TENERIFE,Santa Cruz de Tenerife,922-478933,,38010517@gobiernodecanarias.org,http://www3.gobiernodecanarias.org/medusa/edublog/cepaguimar/,Público,Docente,Público,-16.50927981,28.16229303,,38010517 - CEPA GÜÍMAR,,,
38670803,UAPA,UAPA CANDELARIA,"AVDA. MARÍTIMA 29, EDIFICIO NAIGUATÁ BLOQUE C-1 BAJO, PUNTA LARGA",,38530,CANDELARIA,TENERIFE,Santa Cruz de Tenerife,922-478933,,38010517@gobiernodecanarias.org,http://www3.gobiernodecanarias.org/medusa/edublog/cepaguimar/,Público,Docente,Público,-16.36422603,28.36589155,,38010517 - CEPA GÜÍMAR,,,
38670806,UAPA,UAPA ARAFO II,"C/ MODESTO FRAILE POUJADE, 8",,38550,ARAFO,TENERIFE,Santa Cruz de Tenerife,922-478933,,38010517@gobiernodecanarias.org,http://www3.gobiernodecanarias.org/medusa/edublog/cepaguimar/,Público,Docente,Público,-16.41591264,28.34019275,,38010517 - CEPA GÜÍMAR,,,
38670807,UAPA,UAPA ARAYA,"C/ SIMÓN HIGUERA MEDEROS, S/N",,38540,CANDELARIA,TENERIFE,Santa Cruz de Tenerife,922-478933,,38010517@gobiernodecanarias.org,http://www3.gobiernodecanarias.org/medusa/edublog/cepaguimar/,Público,Docente,Público,-16.39416091,28.36317066,,38010517 - CEPA GÜÍMAR,,,
38670900,UAPA,UAPA EIPA CRISTIANOS,"PZA. EL PESCADOR, 1 (CENTRO CULTURAL)",,38650,ARONA,TENERIFE,Santa Cruz de Tenerife,922-478950,,38010505@gobiernodecanarias.org,http://www.cepaguiadeisora.es,Público,Docente,Público,-16.71438535,28.05308048,,38010505 - CEPA ISORA TENERIFE SUR,,,
38670901,UAPA,UAPA LOS CRISTIANOS (IES),"C/ PORTAZGO, 1",,38650,ARONA,TENERIFE,Santa Cruz de Tenerife,922-478950,,38010505@gobiernodecanarias.org,http://www.cepaguiadeisora.es,Público,Docente,Público,-16.71667633,28.05758433,,38010505 - CEPA ISORA TENERIFE SUR,,,
38670902,UAPA,UAPA BUZANADA,CENTRO DE MAYORES (IGLESIA DE BUZANADA),,38626,ARONA,TENERIFE,Santa Cruz de Tenerife,922-478950,,38010505@gobiernodecanarias.org,http://www.cepaguiadeisora.es,Público,Docente,Público,-16.65395735,28.0728184,,38010505 - CEPA ISORA TENERIFE SUR,,,
38670914,UAPA,UAPA ARMEÑIME,"C/ LEÓN FELIPE, S/N (CENTRO CULTURAL)",,38678,ADEJE,TENERIFE,Santa Cruz de Tenerife,922-478950,,38010505@gobiernodecanarias.org,http://www.cepaguiadeisora.es,Público,Docente,Público,-16.75544620,28.12895647,,38010505 - CEPA ISORA TENERIFE SUR,,,
38670916,UAPA,UAPA PLAYA DE SAN JUAN,C/ ALTAMAR S/N,,38687,GUÍA DE ISORA,TENERIFE,Santa Cruz de Tenerife,922-478950,,38010505@gobiernodecanarias.org,http://www.cepaguiadeisora.es,Público,Docente,Público,-16.81927935,28.18577830,,38010505 - CEPA ISORA TENERIFE SUR,,,
38670917,UAPA,UAPA ALCALÁ,"C/ MONDIOLA, 16",,38680,GUÍA DE ISORA,TENERIFE,Santa Cruz de Tenerife,922-478950,,38010505@gobiernodecanarias.org,http://www.cepaguiadeisora.es,Público,Docente,Público,-16.82797370,28.20308381,,38010505 - CEPA ISORA TENERIFE SUR,,,
38670928,UAPA,UAPA LAS GALLETAS (I.E.S.),"C/ BERENICE, 3 URB. LA ESTRELLA",,38631,ARONA,TENERIFE,Santa Cruz de Tenerife,922-478950,,38010505@gobiernodecanarias.org,http://www.cepaguiadeisora.es,Público,Docente,Público,-16.65400134,28.01479908,,38010505 - CEPA ISORA TENERIFE SUR,,,
38670934,UAPA,UAPA MAGALLANES (IES),C/ BENCHOMO S/N,,38611,GRANADILLA DE ABONA,TENERIFE,Santa Cruz de Tenerife,922-478950,,38010505@gobiernodecanarias.org,http://www.cepaguiadeisora.es,Público,Docente,Público,-16.55267230,28.07401610,,38010505 - CEPA ISORA TENERIFE SUR,,,
38670937,UAPA,UAPA CENTRO DE PARTICIPACIÓN CIUDADANA DE ADEJE,C/ BENEARO S/N. URB. LAS NIEVES.,,38670,ADEJE,TENERIFE,Santa Cruz de Tenerife,922-478950,,38010505@gobiernodecanarias.org,http://www.cepaguiadeisora.es,Público,Docente,Público,,,,38010505 - CEPA ISORA TENERIFE SUR,,,
38670939,UAPA,UAPA ADEJE (IES),"C/ LA CRUZ, 45",,38670,ADEJE,TENERIFE,Santa Cruz de Tenerife,922-478950,,38010505@gobiernodecanarias.org,http://www.cepaguiadeisora.es,Público,Docente,Público,-16.73393569,28.12180684,,38010505 - CEPA ISORA TENERIFE SUR,,,
